staff_member_id,staff_member_name,job_title
1,Kyle Madden,Doctor
2,Katie Garcia,Cleaner
3,Mitchell Ochoa,Administrator
4,Mr. John Frye,Doctor
5,Katie Moreno,Doctor
6,Jennifer Dean,Doctor
7,David Watson,Therapist
8,Lauren Gonzalez,Nurse
9,Alexander Morse,Cleaner
10,Erin Gomez,Administrator
11,Dr. Zachary Chandler,Nurse
12,Kathryn Barnett,Administrator
13,Barbara Johnson,Nurse
14,Carla Bryan,Administrator
15,Ashley Cook,Administrator
16,Kathleen Collins,Doctor
17,Sean Chavez,Doctor
18,Darlene Meadows,Doctor
19,Michelle Lee,Administrator
20,Theresa Wright,Therapist
21,Jasmine Ward,Cleaner
22,Jacob Hall,Therapist
23,Megan West,Cleaner
24,Amanda Hernandez,Nurse
25,David King,Administrator
26,David Shah,Nurse
27,Gilbert Shaw,Nurse
28,Jennifer Livingston,Doctor
29,Kelly Morgan,Therapist
30,Jacqueline Osborne,Therapist
31,Brian Ramirez,Nurse
32,Lee Mcintyre,Cleaner
33,Devin Gregory,Cleaner
34,Kathy Howard,Doctor
35,Corey Jones,Nurse
36,Wendy Hughes,Administrator
37,Teresa Williams,Nurse
38,Michael Bennett,Administrator
39,Debbie Cortez,Cleaner
40,Tracy Pope,Administrator
41,Natasha Byrd,Administrator
42,Christine Weber,Therapist
43,Amanda Nelson,Administrator
44,Raymond Hudson,Administrator
45,Brandon Robinson,Doctor
46,Pamela Alexander,Cleaner
47,Jason Alvarado,Administrator
48,Latoya Gentry,Cleaner
49,John Cook,Therapist
50,Rachel White,Therapist
51,Devin Harmon,Doctor
52,John Lang,Therapist
53,Kimberly Lee,Therapist
54,David Tapia,Administrator
55,Tyrone Allen,Therapist
56,Mrs. Misty Banks,Doctor
57,William Johns,Nurse
58,Katie Lewis,Administrator
59,Dwayne Young,Therapist
60,Mary Nash,Cleaner
61,Samantha Stone,Cleaner
62,Cindy Nguyen,Therapist
63,Jason Diaz,Administrator
64,Dana Meyer,Doctor
65,Michael Novak,Cleaner
66,Theresa Hickman,Administrator
67,Trevor Snyder,Administrator
68,Brittany Hampton,Doctor
69,Steve Wallace,Nurse
70,Laurie Payne,Doctor
71,Mark Dixon,Cleaner
72,Benjamin Castillo,Administrator
73,Marcus Vasquez,Cleaner
74,Robert Cook,Nurse
75,Scott Meyer,Cleaner
76,Jason Cardenas,Cleaner
77,Donna Jones,Cleaner
78,Jason Steele,Therapist
79,Rachel Anderson,Nurse
80,Tammy Mitchell,Doctor
81,Amy Murphy,Doctor
82,Scott Johnson,Doctor
83,Christina Howard,Cleaner
84,Heather King,Therapist
85,Ethan Floyd,Cleaner
86,Laura Velez,Nurse
87,Sydney Montgomery,Therapist
88,Valerie Johnson,Administrator
89,Timothy Russell,Nurse
90,Christine Bentley,Cleaner
91,Chad Turner,Administrator
92,Mackenzie Cain,Doctor
93,Michele Brown,Therapist
94,Christian Roman,Cleaner
95,Luis Schmidt,Cleaner
96,Michelle Smith,Cleaner
97,Anna Freeman,Nurse
98,Susan Medina,Administrator
99,Carla Davis,Cleaner
100,Grant Curry,Therapist
101,Kristen Roberts,Cleaner
102,Jose Cox,Administrator
103,Wanda Cole,Cleaner
104,Erin Mathis,Cleaner
105,Garrett Foley,Therapist
106,Miss Carla Reese,Doctor
107,Derek Martin,Nurse
108,Richard Martinez,Nurse
109,Amanda Ward,Administrator
110,Adrian Young,Doctor
111,Brianna Cohen,Therapist
112,Rebecca Murray,Nurse
113,Jerry Mitchell,Administrator
114,Candace Morales,Therapist
115,Derek Wright,Nurse
116,Peter Russell,Doctor
117,Anthony Andrews,Doctor
118,Amy Sullivan,Nurse
119,Tammy Rios,Doctor
120,Matthew Griffin,Cleaner
121,Kenneth Walton,Administrator
122,Teresa Hernandez,Nurse
123,Brian Schwartz,Administrator
124,Heather Lewis,Cleaner
125,Nicholas Warren,Doctor
126,Timothy White,Cleaner
127,Travis Kaufman,Nurse
128,Cindy Shea,Administrator
129,Steven Martinez,Nurse
130,Mark Quinn,Administrator
131,Charles Allen,Doctor
132,Teresa Harris,Doctor
133,Bradley Martinez,Therapist
134,Adam Lam,Nurse
135,Sharon Salazar,Therapist
136,Brenda Hamilton,Doctor
137,Whitney Bennett,Administrator
138,Richard Pierce,Administrator
139,Jasmine Rose,Cleaner
140,Rebecca Mullins,Administrator
141,Joshua Brown,Nurse
142,Thomas Norris,Therapist
143,Tara Knight,Therapist
144,Sheena Davis,Therapist
145,Danielle Russell,Administrator
146,Ryan Perkins,Cleaner
147,Evelyn Parks,Nurse
148,Austin Soto,Cleaner
149,Teresa Walker,Doctor
150,Mrs. Angela Bradley MD,Nurse
151,Traci Clayton,Cleaner
152,Ian Johnson,Cleaner
153,Ashley Phillips,Therapist
154,Katherine Martin,Nurse
155,Jessica Banks,Therapist
156,Dorothy Lewis,Cleaner
157,Tamara Reynolds,Nurse
158,Brenda Gonzalez,Administrator
159,Jennifer Welch,Cleaner
160,Pamela White,Therapist
161,Kaitlyn Bailey,Cleaner
162,Marisa Padilla,Cleaner
163,Charles Hernandez,Cleaner
164,Christopher Jones,Therapist
165,Laura Wallace,Doctor
166,Katherine Daniel DDS,Therapist
167,Jeremy Townsend,Cleaner
168,Jeff Reed,Doctor
169,Wesley Jones,Nurse
170,Julia Ruiz,Doctor
171,Jamie Ortiz,Therapist
172,Sean Aguilar,Therapist
173,Timothy Hernandez,Administrator
174,Andrea Sloan,Cleaner
175,Tamara Schmidt,Nurse
176,William Nichols,Cleaner
177,Maria Eaton,Administrator
178,Scott Newman,Therapist
179,Ronnie Conner,Doctor
180,Natasha Rogers DDS,Nurse
181,Charles Lopez,Doctor
182,Lauren Lawrence,Doctor
183,Lance Brown Jr.,Therapist
184,Rodney Garza,Doctor
185,Kristi Henderson,Cleaner
186,Justin Weaver,Cleaner
187,Jessica Ramsey,Administrator
188,Kayla Black,Therapist
189,Joseph Morgan,Therapist
190,Donald Hall,Nurse
191,Megan Hebert,Nurse
192,James Price,Cleaner
193,Ronald Morris,Cleaner
194,Erica Ayala,Therapist
195,Brittney Riggs,Administrator
196,Phillip Morales,Therapist
197,Gary Hunter,Therapist
198,Jeremy Fitzgerald,Cleaner
199,Crystal Terrell,Doctor
200,Todd Collins,Cleaner
201,Nancy White,Administrator
202,Samantha Bailey,Doctor
203,Tina Murphy,Doctor
204,Brandon Barker MD,Doctor
205,Christopher Woodward,Therapist
206,Anthony Montgomery,Cleaner
207,Brian Cooke,Doctor
208,Matthew Hall,Therapist
209,Mr. Christopher Cruz DDS,Cleaner
210,Tina Austin,Therapist
211,Samantha Watts,Therapist
212,Ashley Tran,Administrator
213,Dylan Wood,Doctor
214,Stephanie Bowen,Nurse
215,Emily Sanchez,Administrator
216,David Frederick,Therapist
217,April Hughes,Cleaner
218,Anthony Johnson,Therapist
219,Zachary Butler,Nurse
220,Stephen Stone,Cleaner
221,Kenneth Brown,Nurse
222,Ashley Taylor,Cleaner
223,Carl Spencer,Administrator
224,William Owens,Cleaner
225,Sara Cruz,Therapist
226,Dillon Olsen,Doctor
227,Dustin Coleman,Administrator
228,Kayla Rodriguez,Therapist
229,Gabriel Webb,Administrator
230,Anthony Walker,Nurse
231,Gregory Mendez,Cleaner
232,Jane Fischer,Nurse
233,Anthony Chambers MD,Doctor
234,Benjamin Jenkins,Administrator
235,Scott Garcia,Doctor
236,Matthew Jones,Therapist
237,Michele Walters,Therapist
238,Elizabeth Leon,Therapist
239,Casey Davis,Doctor
240,Jeffrey Kaufman,Therapist
241,Cameron Richards,Nurse
242,Sarah Ochoa,Administrator
243,Kathryn Wilson,Nurse
244,Daniel Gibson,Cleaner
245,Jennifer Davis,Doctor
246,Ryan Clark,Doctor
247,Stephanie Cunningham,Doctor
248,Bethany Winters,Therapist
249,Theresa Griffin,Cleaner
250,Ethan Waters,Doctor
251,Marissa Nash,Doctor
252,Deborah Sharp,Cleaner
253,Parker Welch,Cleaner
254,Patrick Howard,Therapist
255,Daniel Gonzales,Administrator
256,Matthew Rasmussen,Administrator
257,Jordan Phillips,Doctor
258,Lisa Johnson,Therapist
259,Melinda Savage,Cleaner
260,Cynthia Morris,Nurse
261,Ashley Orozco,Cleaner
262,Shawn Thomas,Nurse
263,Ronald Williamson,Nurse
264,Olivia Miller,Therapist
265,Nicole Powell,Administrator
266,Vincent Booker,Administrator
267,Shelley Anderson,Therapist
268,Stephen Rose,Doctor
269,Lisa Mitchell,Nurse
270,Sean Farmer,Nurse
271,Joseph Cook,Administrator
272,Zachary Pierce,Doctor
273,Casey Jackson,Therapist
274,Joel Perez,Administrator
275,Cynthia Neal,Nurse
276,Evan Maddox,Doctor
277,Andrew Francis,Administrator
278,Jacob Johnson,Therapist
279,Kevin Rodriguez,Administrator
280,Kimberly Bowen,Administrator
281,Justin Rodriguez,Doctor
282,Tracey Huffman,Administrator
283,Mary Calhoun,Administrator
284,Sara Cisneros,Doctor
285,Kiara Scott,Therapist
286,Travis Austin,Nurse
287,Morgan Copeland,Nurse
288,Peter Williams,Nurse
289,Jimmy Murray,Nurse
290,Michael Carr,Therapist
291,Heather Meyer,Administrator
292,Nancy Jensen MD,Therapist
293,David Weaver,Administrator
294,William Garcia,Cleaner
295,Andrew Branch,Therapist
296,Kevin Rivera,Therapist
297,Richard Bradley,Administrator
298,Charles Caldwell,Therapist
299,Sue Jones,Doctor
300,Cynthia Williams,Therapist
301,Mary Obrien,Cleaner
302,Barbara Michael,Nurse
303,Leah Schmidt,Therapist
304,Christina Fowler,Therapist
305,James Hamilton,Nurse
306,Marie Hall,Administrator
307,Nicole Baxter,Cleaner
308,John Martin,Administrator
309,Shannon Werner,Nurse
310,Amy Wood,Nurse
311,Jose Cochran,Doctor
312,Alicia Williams,Cleaner
313,Yvonne Weiss,Therapist
314,Austin Nelson,Cleaner
315,Heidi Hernandez,Doctor
316,Jason Werner,Administrator
317,Gabriel Jones,Cleaner
318,Nathan Gaines,Nurse
319,Robert Turner,Administrator
320,Tyler Duncan,Therapist
321,Alexander Mckay,Administrator
322,Abigail Roberts,Doctor
323,Roberta Smith,Cleaner
324,Patricia Mercer,Administrator
325,Katrina Burton,Doctor
326,Bruce Bass,Doctor
327,Melinda Hernandez,Therapist
328,Jonathan Gonzalez,Administrator
329,James Castro,Cleaner
330,Danielle Graham,Doctor
331,Sharon Norman,Doctor
332,Anita Camacho,Therapist
333,Angela Alvarez,Therapist
334,Jeffrey Carey,Nurse
335,Ronald Scott,Doctor
336,Jonathan Wagner,Doctor
337,Ms. Christina Park,Administrator
338,Adam Martin,Administrator
339,Robin Williams,Nurse
340,Kristin Woods,Administrator
341,Loretta Lee,Therapist
342,Amy Howell,Nurse
343,James Johnson,Administrator
344,Robert Love,Cleaner
345,Christopher Gonzalez,Administrator
346,Megan Valencia,Administrator
347,Sara Walters,Doctor
348,John Stark,Nurse
349,Daniel Ortega,Administrator
350,Mark Walton,Therapist
351,Sarah Hunt,Nurse
352,Brooke Anderson,Administrator
353,Ms. Rhonda Boyd,Nurse
354,Michael Stephens,Therapist
355,Brian Contreras,Administrator
356,Nathaniel Wilson,Therapist
357,Christine Jones PhD,Therapist
358,Gail Jackson,Nurse
359,Cynthia Turner,Therapist
360,Corey Contreras,Cleaner
361,Sarah Clay,Nurse
362,Pamela Navarro,Nurse
363,Jessica Jackson,Doctor
364,Bonnie Lynch,Nurse
365,Breanna Wong,Cleaner
366,John Petty,Administrator
367,Amanda Hammond,Cleaner
368,Taylor Campos,Nurse
369,Dana Turner,Cleaner
370,Patricia Mendoza,Doctor
371,Louis Davis,Nurse
372,Joanna Bowers,Nurse
373,Nathaniel Olson,Administrator
374,Mr. Chad Shaw,Therapist
375,Steven Lane,Nurse
376,Jennifer Howard,Therapist
377,Joseph Baker,Cleaner
378,Rhonda Harris,Nurse
379,John Lawrence,Doctor
380,Kimberly Brown,Cleaner
381,Heather Griffith,Nurse
382,Scott Fuentes,Doctor
383,Alyssa Taylor,Administrator
384,Gary Jackson,Doctor
385,Jose Fitzgerald,Therapist
386,Gary Johnson,Doctor
387,Danielle Green,Cleaner
388,Mary Morris,Doctor
389,Mark Miller,Nurse
390,Ryan Estrada,Administrator
391,Lisa Strickland,Administrator
392,Joshua Scott,Cleaner
393,Sarah Simon,Nurse
394,Leslie Welch,Administrator
395,Kenneth Hendrix,Doctor
396,Rebekah Hunt,Cleaner
397,Anita Edwards,Therapist
398,Casey Martinez,Administrator
399,Thomas Kerr,Doctor
400,Christopher Nichols,Administrator
401,Ryan Daniels,Therapist
402,Charles Roberts,Doctor
403,Regina Smith,Cleaner
404,Toni Porter,Nurse
405,Michael Garcia,Therapist
406,Leah Bell,Nurse
407,Javier Lane,Therapist
408,Natalie Riley,Cleaner
409,Denise Mclaughlin,Cleaner
410,Maria Krueger,Cleaner
411,Lucas Collins,Doctor
412,Miguel Jenkins,Cleaner
413,Cindy Burton,Cleaner
414,Brian Woodward,Therapist
415,Jeffery Wright,Cleaner
416,Juan Lowe,Administrator
417,Tyler Harris,Therapist
418,James Miller,Nurse
419,Vanessa Shaw,Nurse
420,Kirsten Krause,Cleaner
421,Amy Schneider,Therapist
422,Chelsea Vaughan,Cleaner
423,Spencer Perez,Therapist
424,Anna Frederick,Nurse
425,Edward Li,Cleaner
426,Christopher Perry,Nurse
427,Philip Pierce,Cleaner
428,Scott Bailey,Therapist
429,Brady Skinner,Therapist
430,Cynthia Bauer DDS,Cleaner
431,John Washington,Cleaner
432,Justin Huber,Doctor
433,Denise Stein,Cleaner
434,Allison Contreras,Cleaner
435,Brian Banks,Doctor
436,Andrew Shea,Administrator
437,Tammy Blanchard,Nurse
438,Timothy Richardson DDS,Nurse
439,Mackenzie Cunningham,Nurse
440,Lee Bryant,Nurse
441,Stephanie Coleman,Therapist
442,Patricia Sullivan,Therapist
443,Nicholas Robinson,Cleaner
444,Thomas Mason,Therapist
445,Katie Jones,Administrator
446,Jason Peterson,Nurse
447,Brian Velez,Therapist
448,Mariah Byrd,Therapist
449,Andrea Ramirez,Nurse
450,Joseph French,Therapist
451,Ralph Jackson,Nurse
452,Austin Winters,Administrator
453,Richard Watkins,Nurse
454,Gary Best,Administrator
455,Brent Davis,Administrator
456,Kristin Miller,Cleaner
457,Jennifer Oneill,Therapist
458,Brandon Burns,Nurse
459,Kristi Rangel,Doctor
460,Michael Smith,Cleaner
461,Katherine Smith,Cleaner
462,Virginia Miller,Nurse
463,Heather Thomas,Nurse
464,Samuel Wilson,Administrator
465,Christian Sharp,Cleaner
466,Sandra Nguyen,Doctor
467,Terri Carlson,Nurse
468,Jason Scott,Administrator
469,Stefanie Reed,Cleaner
470,Calvin Byrd,Nurse
471,Ashley Green,Therapist
472,Caroline Reynolds,Doctor
473,Stephanie Kennedy,Nurse
474,Maurice Carroll,Doctor
475,Robert Caldwell DVM,Doctor
476,George Harrison,Cleaner
477,Nicole Johnson,Doctor
478,Lisa Clayton,Doctor
479,Robert Boyle,Nurse
480,Keith Snyder,Cleaner
481,Tina Hurst,Therapist
482,Barbara Hines,Administrator
483,Alexander Anderson,Cleaner
484,John Gonzalez,Administrator
485,Laurie Lawson,Nurse
486,Ethan Durham,Nurse
487,Christopher Johnson,Doctor
488,Amanda Davis,Cleaner
489,Mia Mcguire,Nurse
490,Natalie Cunningham,Nurse
491,Christian Martinez,Doctor
492,Edward Brown,Cleaner
493,Marie Kane,Doctor
494,Regina Morales,Therapist
495,Todd Williams,Administrator
496,Maria Torres,Nurse
497,Janice Meza,Therapist
498,Dana Carter,Administrator
499,Larry Mueller,Administrator
500,Mr. John Thomas III,Nurse
501,David Greene,Cleaner
502,William Davidson,Administrator
503,Cynthia Sharp,Administrator
504,Joshua Kirk,Administrator
505,Paul Montgomery,Nurse
506,Wanda Lopez,Therapist
507,Cindy Riddle,Doctor
508,Cindy Ewing,Doctor
509,Ashley Hayden,Nurse
510,Brandi Walsh,Nurse
511,Kari Bennett,Nurse
512,James Carter,Therapist
513,Robert Burton,Cleaner
514,Alex Campbell,Cleaner
515,Kristin Conley,Cleaner
516,Kevin Johnson,Administrator
517,Terry Hamilton,Administrator
518,Jennifer Fuentes,Cleaner
519,William Lopez,Cleaner
520,Melanie Perez,Therapist
521,Heather Miller,Nurse
522,Ricky Martin,Administrator
523,Laurie Strong DDS,Cleaner
524,Lisa Crawford,Therapist
525,Scott Middleton,Nurse
526,Christina Johnson,Administrator
527,Anne Shelton,Nurse
528,Ronald Erickson,Administrator
529,Tara Dixon,Administrator
530,Jacob Franklin,Nurse
531,Andrew Odom,Therapist
532,Daniel Warren,Nurse
533,Shawn Martin,Doctor
534,Adam Hughes,Cleaner
535,Roy White,Doctor
536,Terry Mcmillan,Administrator
537,Kristen Bailey,Administrator
538,Christine Kennedy,Doctor
539,Rose Rodriguez,Cleaner
540,Jose Meyer,Nurse
541,Brent Garcia,Cleaner
542,Timothy Carpenter,Therapist
543,Bryan Cruz,Doctor
544,Gina Cowan,Doctor
545,Margaret Malone,Therapist
546,Jodi Carter,Nurse
547,Kimberly Williams,Therapist
548,Tammy Johnson,Cleaner
549,Erin Petty,Therapist
550,Kevin Hernandez,Cleaner
551,Kathryn Owens,Doctor
552,Scott Cannon,Administrator
553,Amanda Woodward,Therapist
554,Anita Moreno,Administrator
555,Dale Mills,Nurse
556,Daniel Reeves,Doctor
557,Jennifer Shaffer,Cleaner
558,Jessica Hunt,Cleaner
559,Danielle Owens,Therapist
560,Karen Rogers,Cleaner
561,Justin Smith,Doctor
562,Susan Davis,Cleaner
563,Gabriel Hobbs DDS,Nurse
564,John Flores,Therapist
565,Susan Evans,Administrator
566,Cassandra Hodge,Therapist
567,Jeffrey Holland,Nurse
568,Cheryl Ortega,Administrator
569,Jeffrey Chen,Nurse
570,Jason Robinson,Nurse
571,Brian Salinas,Therapist
572,Adam Johnston,Therapist
573,Troy Lopez,Doctor
574,Amanda Bonilla,Doctor
575,Megan Andrade,Nurse
576,Steven Garrett,Cleaner
577,Holly Cook,Nurse
578,Kevin Marshall,Cleaner
579,Jason Walsh,Cleaner
580,David Flores,Cleaner
581,Ryan Delacruz,Nurse
582,Peter Roman,Administrator
583,Billy Reyes,Cleaner
584,Curtis Jackson,Cleaner
585,Nancy Meyers,Administrator
586,Linda Bass,Nurse
587,Kelly Garner,Doctor
588,Trevor Dunn,Administrator
589,Brian Bailey,Doctor
590,Elizabeth Powell,Administrator
591,Gary Black,Therapist
592,Matthew Moore,Therapist
593,David Young,Therapist
594,Katherine Reynolds,Administrator
595,Renee Young,Therapist
596,Mary Williamson,Therapist
597,Jessica Richardson,Nurse
598,Scott Hampton,Therapist
599,Tracy Jones,Nurse
600,Mr. Seth Hamilton,Administrator
601,Denise White,Administrator
602,Evan Smith,Doctor
603,Louis Fernandez,Cleaner
604,Aaron Taylor,Cleaner
605,Edward Morales,Nurse
606,Kristi Olsen,Doctor
607,Kirsten Mullen,Administrator
608,Diane Ball,Cleaner
609,Jamie Hill DDS,Therapist
610,Dr. Phillip Moses,Administrator
611,Benjamin Mills,Therapist
612,James Huffman,Nurse
613,David Phillips,Therapist
614,Jamie Burton,Doctor
615,Rebecca Poole,Nurse
616,Samantha Perez,Doctor
617,Thomas Peterson,Cleaner
618,Dr. Sarah Hansen,Administrator
619,Andrew Harvey,Administrator
620,Charles Villanueva III,Therapist
621,Brooke Thompson,Nurse
622,David Mcdonald,Cleaner
623,Benjamin Melton,Cleaner
624,Todd Castillo,Nurse
625,Alex Elliott,Cleaner
626,Amber Nguyen,Cleaner
627,Michael Brown,Nurse
628,Mrs. Mary Myers,Therapist
629,Patricia Yang,Therapist
630,Diane Sandoval,Cleaner
631,Lauren Wiley,Cleaner
632,Alyssa Miller,Doctor
633,Sharon Lopez,Administrator
634,Kyle Richards,Doctor
635,Dawn Santana,Doctor
636,Tina Schmidt,Administrator
637,Tammy Bowman,Therapist
638,Timothy Hunter,Administrator
639,Janice Browning,Therapist
640,Heather Sanchez,Administrator
641,Taylor Wade,Doctor
642,John Carson,Cleaner
643,Mary Spears,Cleaner
644,Wanda Martinez,Doctor
645,Robin Jones,Administrator
646,Crystal Cooper,Therapist
647,Rodney Morris,Therapist
648,Elizabeth Cook,Cleaner
649,Andrew Matthews,Doctor
650,Stacey Ramirez,Therapist
651,Michele Andrade,Administrator
652,Holly Morris,Administrator
653,Angela Gilbert,Nurse
654,Sherry Miller,Doctor
655,Taylor Roberts,Nurse
656,Kathleen Jones,Therapist
657,Jonathan Reyes,Cleaner
658,Scott Johnston,Nurse
659,Brenda Chen,Doctor
660,Jeremy Grant,Cleaner
661,Victor Castro,Cleaner
662,Michael Jackson,Nurse
663,Kristi Rice,Therapist
664,Scott Black,Administrator
665,Jordan Moore,Nurse
666,Holly Anderson,Therapist
667,Zachary Jordan,Nurse
668,Richard Tyler,Therapist
669,Melissa May,Nurse
670,Renee Stephens,Doctor
671,James Harris III,Therapist
672,James Marks,Doctor
673,Adriana Morgan,Cleaner
674,Robert Williams,Nurse
675,Denise Reyes,Nurse
676,Sara Gilbert,Doctor
677,Susan Hampton,Doctor
678,Brittany Matthews,Administrator
679,Amanda Roach,Doctor
680,Ryan Villarreal,Nurse
681,Luis Kelly,Cleaner
682,Jennifer Johnson,Doctor
683,Anita Barrera,Therapist
684,Malik Smith,Administrator
685,Mr. Jason Collins II,Therapist
686,Cindy Eaton,Cleaner
687,Melissa Doyle,Nurse
688,Douglas Tran,Doctor
689,Teresa Duncan,Cleaner
690,Sonya Gutierrez,Therapist
691,Michelle Phillips,Nurse
692,David Fitzgerald,Nurse
693,Shannon Daugherty,Administrator
694,Nicholas Valentine,Cleaner
695,Amy Vaughan,Doctor
696,Kayla Watts,Nurse
697,Stephanie Morse,Administrator
698,Darryl Prince,Cleaner
699,Nicole Villanueva,Doctor
700,Reginald Johnson,Administrator
701,Darius Hodge,Doctor
702,Helen Nolan,Cleaner
703,Michelle Patrick,Doctor
704,Emma Brown,Doctor
705,Gary Lee,Cleaner
706,Jesse Sweeney,Nurse
707,Stephen Morales,Administrator
708,Rachel Gomez,Doctor
709,Laura Lewis,Cleaner
710,Jonathon Green,Nurse
711,Bob Wright,Cleaner
712,Curtis Meyer,Doctor
713,Brian Hoffman,Nurse
714,Elizabeth Reyes,Therapist
715,Joann Romero,Nurse
716,Thomas Becker,Therapist
717,Jeanne Baker,Therapist
718,Tasha Smith,Cleaner
719,George Holmes,Nurse
720,Richard Myers,Administrator
721,Rebecca Buchanan,Cleaner
722,Justin Chen,Cleaner
723,Joseph Lopez,Nurse
724,Phillip Liu,Administrator
725,Jonathan Weber,Administrator
726,Derrick Moran DVM,Doctor
727,David Clark,Doctor
728,Theodore Morrison,Nurse
729,Gary Mejia,Cleaner
730,Greg Bentley,Nurse
731,Todd Olsen,Therapist
732,Philip Chambers,Doctor
733,Marcia Scott,Doctor
734,Brad Wells,Therapist
735,Christopher Abbott,Cleaner
736,Nicole Mcdonald,Therapist
737,Jacob Davis,Administrator
738,Thomas Powell,Cleaner
739,Tamara Harris,Cleaner
740,William Anderson,Cleaner
741,Steven Thompson,Administrator
742,Joe Miller,Therapist
743,Christopher Smith IV,Nurse
744,James Mclaughlin,Administrator
745,Lisa Brown,Cleaner
746,Benjamin Patterson,Nurse
747,Kelly Chen,Doctor
748,Cindy Hernandez,Therapist
749,Heather Holden,Therapist
750,Lindsey Mcguire,Cleaner
751,Craig Howard,Administrator
752,Matthew Alvarez,Doctor
753,Ricky Horton,Cleaner
754,Mallory Holden,Cleaner
755,Taylor Burton,Therapist
756,Heather Davis,Cleaner
757,Dawn Wilson,Administrator
758,Oscar Phelps,Cleaner
759,Sherry Peterson,Administrator
760,Cory Robinson,Cleaner
761,Cheryl Moore,Therapist
762,Emily Barrett,Cleaner
763,Steven Warren,Therapist
764,John Oconnor,Cleaner
765,Anne Jordan,Nurse
766,Donald Curry,Nurse
767,Leonard Mullins,Therapist
768,Darlene Moore,Therapist
769,Jennifer Kelley,Therapist
770,Barbara Griffin,Doctor
771,Kevin Trevino,Administrator
772,Manuel Macias,Nurse
773,Andrew Olsen,Doctor
774,Christine Lewis,Nurse
775,Maria Price,Doctor
776,Jennifer Rodriguez,Cleaner
777,Kara Reed,Therapist
778,Mark Phillips,Nurse
779,Jonathan Marquez,Cleaner
780,Heidi Dawson,Nurse
781,Matthew Smith,Nurse
782,Crystal Johnson,Cleaner
783,Yvonne Harris,Nurse
784,Jennifer Woods,Therapist
785,Catherine Miller,Cleaner
786,Nicole Hamilton,Nurse
787,Wayne Rodriguez,Administrator
788,Jamie Williams,Administrator
789,Amy Martinez,Therapist
790,Joy Carter,Cleaner
791,Patricia Lucas MD,Nurse
792,Gabriel Jimenez,Cleaner
793,Julia Johnson,Nurse
794,Kevin Coffey PhD,Nurse
795,Martha Hines,Therapist
796,Bonnie Sanford,Doctor
797,Robin Davidson,Cleaner
798,Zachary Clark,Administrator
799,Charles Gates,Administrator
800,Leonard Ali,Administrator
801,Bethany Davis,Doctor
802,Damon Martinez,Doctor
803,Joshua Villa,Cleaner
804,Glenn Maxwell,Cleaner
805,Edward Harrison,Doctor
806,Mary Davenport,Nurse
807,Dustin Pratt,Cleaner
808,Mario Cisneros,Doctor
809,Cynthia Rocha,Administrator
810,Stephen White,Therapist
811,Ashley Lucas,Therapist
812,Mary Combs,Cleaner
813,Deborah Cooke,Cleaner
814,Erin Goodwin,Administrator
815,Travis Williams,Therapist
816,Darren Campos,Therapist
817,John Lane,Administrator
818,Linda Brown,Doctor
819,Mr. James Freeman,Therapist
820,Robert Davis,Therapist
821,Timothy Malone,Administrator
822,Shawn Shelton,Therapist
823,Hector Giles,Administrator
824,Steven Branch,Administrator
825,Megan Mays,Cleaner
826,Guy Shaw,Cleaner
827,Chad Curtis,Therapist
828,Nicholas Buchanan,Doctor
829,Ricky Martinez,Therapist
830,Emily Johnson,Doctor
831,Ruth Munoz,Nurse
832,Christopher Pierce,Nurse
833,Elizabeth Peterson,Therapist
834,Christopher Maldonado,Administrator
835,Veronica Melton,Doctor
836,Gary Mitchell,Nurse
837,Robert Shields,Cleaner
838,Kenneth Jones,Cleaner
839,Melanie Duarte,Nurse
840,Crystal Burke,Cleaner
841,Christina Lopez,Administrator
842,Eric Wall,Doctor
843,Phillip Johnson,Therapist
844,Jeremy Rice,Administrator
845,Brian Walters,Doctor
846,Renee Patel,Doctor
847,Joseph Harvey,Therapist
848,Ray Travis,Administrator
849,Kelly Velasquez,Nurse
850,Jessica Harris,Doctor
851,Brittany Randall,Doctor
852,John Chandler,Cleaner
853,Joseph Ortiz,Cleaner
854,Eric Wright,Nurse
855,Lori Rios,Doctor
856,Jeffrey Sanders,Therapist
857,Allison Turner,Cleaner
858,Kimberly Hicks,Doctor
859,Emily Cannon,Administrator
860,Alan Howard,Administrator
861,Pamela Brown,Therapist
862,John Johnson,Administrator
863,Nicole Thomas DVM,Nurse
864,Dennis Johnson,Cleaner
865,Megan Jones,Therapist
866,Stacy Gutierrez,Therapist
867,Anthony Brooks,Cleaner
868,John Hill,Administrator
869,Erin Maynard,Nurse
870,Shelley Jones,Therapist
871,Mark Morrison,Therapist
872,Thomas Thompson,Cleaner
873,Thomas Forbes,Therapist
874,Mr. James Morton,Therapist
875,Robert Brennan,Administrator
876,Mackenzie Phillips,Therapist
877,Amanda Garcia,Cleaner
878,Arthur Robinson,Administrator
879,Adrienne White,Doctor
880,Brooke Wilson,Therapist
881,Kimberly Williamson,Doctor
882,Joe Mccann,Nurse
883,Sandra Haley,Therapist
884,Chelsea Robinson,Nurse
885,Rebecca Summers,Administrator
886,Amber Mason,Nurse
887,Lauren King,Therapist
888,Ashley Blackburn,Therapist
889,Heather Francis,Cleaner
890,James Garcia,Nurse
891,Christopher Carter,Administrator
892,Brooke Henry,Therapist
893,Melissa Burns,Nurse
894,Renee Rivera DVM,Nurse
895,Joshua White,Nurse
896,Kristina Davis,Doctor
897,Charles Martinez,Cleaner
898,Audrey Perry,Nurse
899,Regina Hendrix,Cleaner
900,Shelly Thomas,Nurse
901,Christopher Espinoza,Cleaner
902,Bradley Bishop,Nurse
903,Grace Lee,Administrator
904,Dana Martinez,Therapist
905,Cheryl Daniels,Doctor
906,Michael Walker,Administrator
907,Seth Perez,Doctor
908,Eddie Lang IV,Administrator
909,Brandi Flores,Nurse
910,Paul English,Therapist
911,Alexandra Green,Therapist
912,Brandon Thomas,Cleaner
913,Candace Chambers,Doctor
914,Brian Williams,Nurse
915,Kimberly Lara,Cleaner
916,Beth Fuller,Cleaner
917,Charles Guzman,Administrator
918,Carrie Alvarez,Therapist
919,James Werner,Administrator
920,Michael Henry,Nurse
921,Nancy Powell,Therapist
922,James Banks,Nurse
923,Jill Peterson,Nurse
924,Andrea King,Nurse
925,Cody Fuller,Doctor
926,Donald Wilson,Administrator
927,Charles James Jr.,Administrator
928,Barbara Sherman,Cleaner
929,Deborah Schwartz,Doctor
930,Thomas Fleming,Nurse
931,Larry Romero,Administrator
932,Michael Hall,Doctor
933,Kevin Fox,Therapist
934,Kenneth Porter,Nurse
935,Brian Melendez,Nurse
936,Willie Beck,Nurse
937,David Thomas,Therapist
938,Eric Williams,Nurse
939,Michelle Mcgrath,Administrator
940,Gabriel Travis,Nurse
941,Lindsey Murphy,Administrator
942,Jesse King,Administrator
943,Frances Jennings,Cleaner
944,Shirley Lewis,Doctor
945,Christopher Woods,Doctor
946,Joseph Collins,Therapist
947,David Padilla,Administrator
948,Amanda Waters,Nurse
949,Heather Johnson,Doctor
950,Jennifer Lawrence,Cleaner
951,Diane Freeman,Cleaner
952,Linda Smith,Administrator
953,Alicia Lewis,Doctor
954,Heather Vasquez,Administrator
955,Edward Griffith,Nurse
956,Emily Peterson,Nurse
957,Daniel Christensen,Nurse
958,Michael Adams,Therapist
959,Chad Lang,Doctor
960,Heather Gibson,Administrator
961,Ricky Jefferson,Therapist
962,Christopher Figueroa,Nurse
963,Brandon Taylor,Administrator
964,Jeremy Brown,Therapist
965,Tina Maynard,Doctor
966,Paul Robinson,Cleaner
967,Norma Jones,Therapist
968,Ana Gill,Therapist
969,Erika Smith,Therapist
970,Justin Joseph,Cleaner
971,Amanda Stewart,Cleaner
972,James Jackson,Cleaner
973,William Nelson,Cleaner
974,Tonya Stewart,Doctor
975,Robert Herrera,Nurse
976,Keith Mcmillan,Doctor
977,Brad Weaver,Nurse
978,Alex Rogers,Cleaner
979,Amber Allen,Nurse
980,Nathan Baker,Cleaner
981,Faith Shannon,Administrator
982,Frank Burnett,Doctor
983,Cheryl Gordon,Cleaner
984,Ashley Morris,Therapist
985,Joan Phelps,Administrator
986,Martha Pitts,Therapist
987,Julie Clark,Doctor
988,Rachel Brady,Nurse
989,Jeremy Wright,Doctor
990,Amanda Martinez,Therapist
991,Michael Hodge,Nurse
992,Valerie Horn,Nurse
993,Dennis George,Therapist
994,Joseph Chavez,Nurse
995,Veronica Greene,Administrator
996,Janice Gallagher,Administrator
997,Pedro Sullivan,Nurse
998,Rachel Bruce,Nurse
999,John Hines,Therapist
1000,Joanne Watson,Doctor
