request_id,room_id,staff_member_id,item_id,req_description,req_status
1,10,605,540,Turn finish put if identify.,received
2,865,625,155,Various fear speech trade whom they avoid.,processed
3,122,134,341,Within part apply office.,taken care of
4,377,351,241,Back official it despite.,taken care of
5,387,660,707,So pressure success test land Mr live.,processed
6,760,395,788,Visit include foreign before build where training.,taken care of
7,691,665,942,Product position it executive task record painting.,received
8,113,290,465,Yeah apply between especially challenge reveal out evidence.,taken care of
9,966,85,144,Performance down floor mission know no.,processed
10,335,568,308,American go political test.,received
11,632,974,449,Give film ahead us night be.,processed
12,141,371,342,Second nation return claim dinner budget.,processed
13,458,281,686,Realize instead history partner animal.,taken care of
14,401,771,975,Hear subject goal value them impact.,received
15,995,971,12,Head create degree as result peace.,received
16,802,34,78,Station everyone key maintain hope military.,taken care of
17,617,79,385,Low trade before office poor gas.,taken care of
18,525,566,979,Quickly line fear.,processed
19,688,843,482,Economy share can reason.,processed
20,892,211,121,Education worker activity brother kind.,received
21,436,947,703,Them career owner beyond third memory.,received
22,257,57,989,What question out catch today.,processed
23,713,282,855,Win play step glass throughout speak join.,received
24,104,927,692,Evidence us special technology indicate reflect even.,taken care of
25,757,398,718,Policy guess determine cup member drug.,taken care of
26,993,174,829,Foreign team energy important.,taken care of
27,133,271,983,Road training financial want because Democrat eye.,processed
28,715,490,905,Record work spend almost.,received
29,408,136,539,Law fine dinner but value.,received
30,528,422,291,Author just include property hot generation sister.,taken care of
31,959,140,782,Management address prepare usually owner.,taken care of
32,895,81,943,Truth of grow kind kid.,processed
33,818,24,923,Cell talk worry security federal.,processed
34,319,499,693,Through someone girl test hair water perform.,received
35,783,553,870,Under baby can big and.,processed
36,609,123,128,Next likely idea water.,received
37,188,79,292,Plan system student agreement such.,taken care of
38,137,566,68,Certain Congress line huge point factor see.,taken care of
39,827,968,748,Kind try well.,taken care of
40,118,826,494,Cell positive believe dream practice.,received
41,687,746,49,Myself accept minute soldier eye federal.,taken care of
42,55,171,82,Fall if hope lead language.,taken care of
43,242,615,465,Role show sign thus office run.,processed
44,997,659,763,Lead as cost environmental writer discussion.,taken care of
45,839,436,941,Speech president step network feeling drop me son.,received
46,203,747,950,Can fine off.,taken care of
47,771,716,302,Though way morning media.,received
48,713,98,72,Test charge call threat.,processed
49,894,51,309,Former space no spend.,received
50,998,194,1,Model standard store catch.,processed
51,911,980,442,Seem action heavy mission talk.,taken care of
52,953,192,582,Sister leave among off sure long hand.,received
53,93,760,433,Medical heart affect.,taken care of
54,351,244,368,Boy join usually performance present including.,taken care of
55,200,263,480,Interesting process arrive cost.,processed
56,940,587,948,Floor after right phone difference perhaps final.,processed
57,472,963,705,Including entire piece recently push.,taken care of
58,971,290,136,Relationship seek hotel already.,processed
59,271,665,369,Great think glass force case.,processed
60,772,443,94,Treatment particular everybody training surface sport.,processed
61,394,206,85,My same value appear ago.,processed
62,83,811,634,Seem sort day relationship keep medical politics.,received
63,438,852,173,In know walk girl.,processed
64,556,948,445,Trouble citizen protect medical act national.,processed
65,536,733,552,Modern church since hundred mission.,processed
66,290,284,372,Once effect edge.,taken care of
67,125,453,246,Star attorney question forward.,processed
68,591,770,186,Everyone dream shoulder.,received
69,962,187,937,Boy big while media media imagine hard.,processed
70,593,179,189,Week there positive ever.,taken care of
71,389,30,430,Article main clear out within table series.,taken care of
72,926,330,582,Time to art thing soldier source.,received
73,549,100,429,Interest between particularly.,processed
74,93,464,623,Student able culture specific sign.,received
75,605,51,5,Push will accept civil ball world capital.,taken care of
76,899,921,940,Resource allow investment school nearly describe.,processed
77,587,230,872,May always source.,processed
78,737,786,405,Sometimes discover star difficult though.,received
79,233,828,758,Dog particularly prepare that assume happen woman.,received
80,131,948,711,Start strong yeah green debate.,received
81,907,376,68,During notice tonight interview message think unit sign.,received
82,931,654,292,Long guy then mind reach put return teacher.,received
83,990,297,969,Imagine treatment what cut begin democratic third.,processed
84,896,763,960,Deal send quality include sometimes.,received
85,967,897,365,Risk somebody lead though base election moment.,taken care of
86,180,954,317,Road present buy movie camera.,processed
87,498,85,779,Woman child carry relationship believe.,received
88,405,896,511,Assume my range much style argue.,taken care of
89,132,129,283,Offer experience company for.,taken care of
90,745,224,567,Sit then structure scene upon everybody pattern day.,received
91,189,508,648,Sure sure physical knowledge design beautiful sea.,taken care of
92,190,118,920,Site wonder east same.,processed
93,75,470,111,Think partner pick issue cultural per.,processed
94,876,981,690,Stage up herself old white part spend.,processed
95,429,997,544,Majority program radio rule finish.,received
96,8,2,231,Fill official rise suggest worker.,taken care of
97,455,960,121,Art heart international.,received
98,223,901,888,Standard point assume wait.,processed
99,682,639,332,I tax down direction particular.,received
100,831,654,850,Must while minute mission not.,processed
101,525,989,843,Learn some clear need set give because.,taken care of
102,483,882,101,Art forget modern style great information.,received
103,436,554,522,Audience poor from yard fall old source.,taken care of
104,862,453,627,Here degree say understand visit doctor sometimes.,received
105,343,405,951,Measure nothing career interview run doctor.,received
106,996,802,889,Above third effort ask security.,processed
107,957,297,118,Office safe note almost cost civil scientist.,processed
108,445,274,710,Attention sign price ground drug.,taken care of
109,154,248,181,Teach deep economic debate cell return.,received
110,929,788,884,Development scientist reveal occur decide training return.,taken care of
111,314,340,97,Guess child evening camera knowledge kind analysis.,processed
112,681,673,669,Sister city stage activity.,received
113,53,405,723,Degree send crime camera allow human range.,taken care of
114,131,33,584,Network bank loss front check floor.,processed
115,912,212,930,Easy gas few.,received
116,339,924,824,Imagine age specific her enter surface.,received
117,49,674,814,Then impact always time issue could.,received
118,734,258,865,Go choice world travel.,taken care of
119,968,26,790,Radio feeling himself everything vote magazine order.,processed
120,275,949,975,Deep good finally less place.,taken care of
121,247,808,424,Window level management specific play sea see.,received
122,975,816,884,Nearly born professional talk represent race quite alone.,taken care of
123,851,405,398,Page task girl really.,processed
124,526,754,676,Bar cup system everyone.,taken care of
125,201,432,495,Why structure partner now radio.,taken care of
126,497,35,738,You former series them condition or.,received
127,18,206,257,Plant country on class tax.,processed
128,634,833,68,Hard he different hard.,taken care of
129,382,330,485,Most wrong theory sort.,received
130,67,722,2,Field skill work move other executive participant.,processed
131,612,166,274,Born report unit natural run.,processed
132,610,692,589,The quality present business would early four daughter.,processed
133,611,184,337,People because loss heart blood on behavior report.,received
134,431,8,871,Improve top majority grow rest analysis computer.,received
135,713,143,719,Audience real throw decision decision course.,processed
136,454,939,953,Toward all late run approach.,processed
137,490,207,352,Attack population against interesting great center official think.,taken care of
138,125,793,486,Other discover peace.,taken care of
139,201,174,163,Yes rise low there decide hard kitchen.,received
140,809,353,733,Myself word street.,processed
141,23,931,373,Mouth evidence give where physical much young.,processed
142,220,285,136,Impact democratic school off spend.,processed
143,827,594,541,Piece movie short region agreement newspaper despite.,taken care of
144,10,519,361,Guess now leader family east blue call.,processed
145,734,267,602,Heavy case religious film.,processed
146,727,339,173,Several process describe hair some upon expect.,taken care of
147,17,899,526,East born trade question sometimes.,processed
148,250,903,910,Threat rule movement across all.,received
149,604,366,672,Forward modern huge up wonder various.,taken care of
150,659,473,255,Detail talk standard civil.,processed
151,507,292,90,When mouth moment.,taken care of
152,184,85,713,Method beyond where past worker professional determine.,received
153,760,243,914,Fund magazine final either see stand.,received
154,66,215,241,Six shoulder magazine.,received
155,533,710,157,Almost stage Mrs yet.,received
156,584,462,988,Two go newspaper writer protect yeah.,taken care of
157,455,420,405,Run song responsibility strong somebody check.,received
158,803,269,979,Store just author collection until political who.,received
159,906,701,349,Treat goal put watch own.,processed
160,489,669,818,Newspaper available eight seem lay.,taken care of
161,779,763,601,Trade anyone southern series government.,taken care of
162,149,319,519,Front various force effect protect present.,processed
163,64,642,356,Else step affect hotel reduce part.,processed
164,499,509,177,Name item mother animal idea her.,received
165,746,874,724,Age kid better camera law respond.,taken care of
166,251,770,89,Quite father understand our wait.,processed
167,156,109,577,Accept treat analysis action former.,received
168,661,538,67,Law local fact front anything daughter organization.,received
169,833,672,333,Someone development so three television.,received
170,303,283,67,Sell response environment enough beat.,processed
171,592,277,869,Gas defense wind traditional.,processed
172,916,113,594,Although develop bad federal ahead majority.,received
173,599,106,923,Ahead vote common guess.,taken care of
174,688,27,693,Partner popular old animal least know perhaps keep.,taken care of
175,999,745,101,Us health federal.,processed
176,619,626,34,Only wonder late anything impact health pass evening.,taken care of
177,86,823,426,Rule go interesting nearly get so ask.,processed
178,194,438,93,Street direction be major of around enough.,taken care of
179,991,334,693,After of skin town explain hear.,received
180,69,943,108,Agency address sit everything.,received
181,690,106,386,Report such money question trouble join deal.,processed
182,737,79,605,After trade range letter lot market writer.,taken care of
183,977,749,532,Point yourself or almost question.,received
184,759,350,193,Add site over radio however president religious who.,taken care of
185,247,849,937,Decade idea happy.,taken care of
186,298,712,88,Treat generation radio better need wide.,processed
187,439,484,680,Campaign natural page though.,received
188,1000,691,323,True box election.,received
189,360,991,193,Benefit shoulder high unit environment who thus.,processed
190,891,44,417,Pressure stuff director popular only.,taken care of
191,710,604,149,Worker change case night father.,processed
192,28,350,987,Meet compare writer fire bag save ask.,received
193,595,624,163,Pretty well west identify up trouble.,received
194,6,81,467,Company defense up word physical us factor.,taken care of
195,711,50,132,Full fast hope worry.,taken care of
196,63,488,204,Old long give them.,taken care of
197,102,573,972,Everybody as toward become range admit.,processed
198,622,30,685,Style month meet position your arrive memory.,processed
199,679,900,441,Quite range one various guess maintain hospital all.,received
200,451,638,701,Three instead two late building stock.,taken care of
201,697,462,366,Early charge leader still.,received
202,830,555,478,You page young weight.,processed
203,584,315,121,Police month run trade interest move find.,processed
204,419,981,743,Executive more practice product.,taken care of
205,20,563,203,Treat business then him him every majority.,processed
206,33,732,239,Shake expert run figure purpose I.,processed
207,996,71,668,Charge compare tree explain push church page.,taken care of
208,522,874,884,Two suffer score better trip culture.,taken care of
209,673,762,1,Hundred street agreement defense artist which debate.,taken care of
210,194,159,292,That figure network involve project best make speech.,received
211,138,725,927,Many happy hair new my.,processed
212,417,837,819,Ask candidate ball arrive say we.,received
213,526,523,342,Never pay gun should whatever director type.,processed
214,128,872,512,Entire check culture manager step more.,processed
215,985,439,743,Fire push something about member.,received
216,377,882,716,Rise reason how rather according Mr time.,received
217,152,737,119,Large song then present add personal.,processed
218,436,777,534,Ask skill game care war general build here.,taken care of
219,168,21,60,Major structure yeah year sit likely.,received
220,202,702,713,Indeed hair chair store.,taken care of
221,628,211,427,Commercial upon recognize attack full.,processed
222,166,945,974,Skin enjoy marriage result.,received
223,878,690,537,Community voice realize level.,processed
224,210,914,65,Make tell page sure section factor.,taken care of
225,283,869,480,Yeah figure forget nice compare program news.,processed
226,806,486,389,Development strategy southern former develop.,taken care of
227,418,791,554,Exactly response meeting quality.,received
228,600,851,220,Window price during.,processed
229,566,720,967,Message despite speech three none.,taken care of
230,904,41,86,Should model open practice.,taken care of
231,614,673,648,Firm person off page follow citizen.,taken care of
232,549,37,790,Maintain beautiful cold community test.,taken care of
233,749,661,204,Benefit blood eye rise might star there.,received
234,919,976,137,Fine cause six establish explain anything.,received
235,148,77,335,Reduce political personal standard test study.,processed
236,713,502,11,Use person give fish ago father.,taken care of
237,311,827,897,Appear talk worker indeed data mother bad history.,processed
238,326,777,627,Mouth couple bill affect purpose forward small.,processed
239,852,718,727,Decide yet guy product pressure day home.,received
240,698,1,297,Full none card sell unit.,processed
241,859,613,543,Character item degree race poor hard performance.,processed
242,10,458,894,Alone theory understand say by team tell.,taken care of
243,713,428,280,Night economic box level remain.,processed
244,185,602,364,Idea among summer spring medical could ten.,processed
245,69,206,83,Hot hospital society war argue she win.,taken care of
246,780,362,999,Mind significant feeling oil anything interview.,received
247,858,531,407,Discuss fear hot agent.,received
248,514,926,600,Tax ask heart child particular.,taken care of
249,791,118,638,Crime than simple year.,received
250,446,217,166,Worker history stage make mention history.,taken care of
251,745,754,133,Chance office stay teach billion good care.,received
252,684,930,151,Election particularly certain discover in born visit free.,processed
253,357,513,373,Place individual away maybe military check audience.,received
254,598,255,460,Right return view after town several.,taken care of
255,593,632,950,Light anything travel most former happen east.,processed
256,677,336,964,Above area information itself leg picture picture people.,taken care of
257,254,978,405,Civil day eat white.,taken care of
258,208,486,128,Similar agency personal a build method specific.,processed
259,98,859,551,On word your too act.,processed
260,605,268,924,Democratic west station huge discuss once.,processed
261,313,913,53,Individual relationship garden.,received
262,88,437,54,So recently power skill major happen.,received
263,951,721,956,None start little bad.,taken care of
264,516,194,812,Shake clear network table mother and individual.,processed
265,323,947,227,Rate then quality.,received
266,733,921,360,Send make green study common country.,processed
267,663,133,524,Matter growth realize forward choose off budget behind.,received
268,288,871,363,Paper society high.,processed
269,457,701,556,Door brother form dark.,taken care of
270,502,195,285,Record approach finish sell wife against.,received
271,578,420,253,Rock news anything.,taken care of
272,134,558,270,Nation region leave cup at term.,received
273,62,190,447,Then your production nation expert information.,processed
274,231,7,261,Realize teacher race identify none.,received
275,732,860,836,Parent price environment particular along practice gun.,received
276,522,478,480,Base money mother lot.,received
277,914,373,274,Key or activity success.,processed
278,459,825,517,Remain trade low PM program window with.,processed
279,578,241,947,Concern worry guess science tend then ever.,received
280,553,569,631,Recognize hair sing walk oil.,received
281,844,282,827,Executive picture common manage several.,processed
282,522,700,90,Debate Congress require international challenge.,processed
283,542,812,401,Message everything design provide.,received
284,519,630,409,Traditional region baby here state seven low.,processed
285,867,908,896,Meet another argue course.,processed
286,769,449,271,Instead drop treatment so kitchen.,received
287,158,524,147,From course point after claim scene prove.,received
288,527,439,410,Every sometimes walk apply six.,taken care of
289,996,582,977,Usually production brother then.,processed
290,753,760,573,By turn end Democrat notice arrive which painting.,processed
291,77,195,773,Report only manager similar.,taken care of
292,795,622,90,Number especially structure last state affect physical talk.,processed
293,763,270,827,Life mean treatment.,taken care of
294,309,383,673,Lose late success kind kid mind staff.,received
295,216,786,248,Avoid play develop behind.,received
296,616,447,256,Experience great TV election two.,taken care of
297,810,98,649,Game author before bit.,processed
298,123,746,567,After meet eye culture light many.,taken care of
299,75,230,973,Well unit evidence teach someone your executive.,taken care of
300,652,841,299,South if determine wish maintain about.,received
301,916,534,767,Set cover seek.,processed
302,370,570,830,Possible type worker decision about.,processed
303,773,538,479,Kid a mission organization TV today.,received
304,412,89,703,Page now outside international including this air.,received
305,721,65,539,Expert final since management from often.,processed
306,134,126,916,We old build million pass laugh art.,taken care of
307,403,954,775,Like stock loss better cell.,processed
308,10,522,199,Radio market almost whom mention.,received
309,664,950,78,Scene data other candidate.,processed
310,672,895,328,Stay believe believe activity visit.,taken care of
311,594,650,84,Effect season me pattern serve.,taken care of
312,470,274,369,A kind mention water hope.,received
313,94,581,705,Free thousand make feel theory society as west.,received
314,264,648,282,End culture red begin whether word finally.,processed
315,178,641,351,Do bank know wonder price indeed already.,taken care of
316,420,651,603,Next itself front economy once light attack course.,received
317,420,465,401,Nice scientist ahead feeling drug young.,received
318,439,667,920,Yourself it on mention us better.,received
319,724,291,46,Contain talk per everyone.,processed
320,670,527,947,Measure including ready current job.,processed
321,499,113,635,Player trip woman collection.,taken care of
322,365,726,403,Education southern there sister back late.,taken care of
323,18,603,487,Address still science society.,taken care of
324,714,595,236,Management player represent against speech.,received
325,527,435,191,Phone open white understand avoid something film.,processed
326,834,452,520,Government democratic officer option officer deal.,received
327,129,118,899,Before throw ground claim spend operation old history.,processed
328,603,204,495,Produce lead card community.,processed
329,809,288,68,Account notice personal dark throw deep most.,received
330,863,828,590,Central late class wide full positive agency page.,taken care of
331,572,92,346,Old player participant air mention success just.,received
332,673,214,672,Evidence room play whose trip.,processed
333,428,237,157,Nothing ball compare space bit concern point risk.,received
334,849,160,825,Suddenly entire dinner culture late time.,processed
335,614,819,239,Fine economic society early.,processed
336,14,987,32,Instead wife quality.,taken care of
337,770,784,409,Race each dark middle he grow throughout.,taken care of
338,586,660,321,Set follow attorney piece turn.,received
339,403,207,917,Hit never citizen be less.,taken care of
340,778,809,150,Let address fight many wrong side hear.,taken care of
341,576,191,330,Then success question.,processed
342,380,140,599,Attorney owner camera.,taken care of
343,316,248,939,Need direction sometimes face write hand spend.,received
344,44,289,733,Bag defense church eye be perhaps work.,received
345,921,607,630,Difficult certain natural worry nature along.,received
346,96,361,100,Prove sea nearly road travel.,processed
347,413,630,42,Few ability service but today bill.,taken care of
348,779,898,669,Issue blood hold view during those support cut.,received
349,699,806,225,Really employee maintain skill capital study single.,processed
350,284,357,626,Walk effort word offer.,taken care of
351,991,489,11,Call trouble nothing trade.,processed
352,563,908,687,Majority buy free better just.,received
353,400,119,999,Table sound itself charge already interview.,received
354,195,825,611,Against anyone raise rock leader approach appear.,taken care of
355,409,845,126,Read far ago cause apply.,taken care of
356,820,238,551,Begin spend note above party.,received
357,337,55,296,The nice meet image hour mother soldier.,processed
358,231,484,999,Whatever religious force best bank western news.,processed
359,148,134,734,Story moment growth film of.,processed
360,451,741,204,Present walk compare specific require quickly.,processed
361,84,611,266,Believe sister which always water official water.,processed
362,651,729,679,Student rule past spend education top.,received
363,628,967,429,Identify take wear run time event.,taken care of
364,500,631,781,Prepare source Congress economy my police sell.,taken care of
365,877,198,601,Box film million set chance it.,taken care of
366,612,801,896,State friend subject teacher.,processed
367,403,353,166,Low note push than wind fill.,taken care of
368,198,242,985,Need ready charge mother identify.,received
369,341,16,290,Street smile section fall interest spend.,taken care of
370,850,47,754,Control media indeed product need small skin drive.,received
371,182,279,532,Knowledge them challenge eye.,taken care of
372,301,937,50,Office past sell me thought eat.,taken care of
373,675,469,845,Allow difficult identify listen game visit least the.,received
374,849,913,251,So live foreign action.,taken care of
375,978,546,908,Very cultural everything fill soon.,processed
376,367,654,521,Difference country free interest above item move police.,received
377,898,56,264,Need wide lot rich laugh central change someone.,taken care of
378,344,835,691,Share able especially wall man guy letter.,taken care of
379,66,697,234,Responsibility property poor move letter hundred.,taken care of
380,270,724,844,Us option design trouble.,taken care of
381,590,948,635,Teacher Congress ahead center few chance phone.,received
382,627,108,753,Investment both politics do exactly first.,taken care of
383,173,535,857,Sign raise apply husband player law require.,processed
384,520,963,774,Drive chance either item.,received
385,230,707,352,Understand risk debate always.,taken care of
386,760,736,68,Mother price return table less any cause.,received
387,754,1,218,Would say finally material language.,processed
388,258,5,650,Head bank law.,processed
389,850,76,654,Partner indicate report between.,taken care of
390,531,284,824,Sing available worker bad.,taken care of
391,984,266,39,Store tree Mr size edge like dark.,processed
392,14,351,279,Site ten entire goal.,taken care of
393,459,60,759,Piece country store avoid may the.,processed
394,860,355,498,Turn ahead above far environment.,taken care of
395,661,311,587,Seem treat attack say.,processed
396,325,589,1,Sit art stay defense two.,received
397,225,717,91,According film unit song stage level wish.,taken care of
398,526,519,394,Audience somebody authority language itself too technology common.,processed
399,546,55,557,Since fire ready dream subject account bed theory.,received
400,814,661,249,Discuss long open should share smile human.,processed
401,643,776,656,Town although president whole represent.,processed
402,742,850,667,Happen anyone hospital item bring series.,received
403,493,272,33,Down before indicate itself scientist radio small.,taken care of
404,262,600,376,Example discover notice car after kitchen.,taken care of
405,74,491,753,Thank teacher economy sister wall technology.,processed
406,667,128,30,Body anything baby night admit Democrat beat.,received
407,959,633,842,Society radio game thus ask the treat kitchen.,processed
408,538,267,591,Common hot including when other audience culture.,processed
409,604,256,540,Crime see right key have he.,received
410,789,59,205,Goal no rather need building area trade.,processed
411,649,362,367,Thus data development let.,received
412,223,500,115,Live service successful successful raise traditional war possible.,taken care of
413,851,187,447,Visit memory usually magazine.,taken care of
414,482,392,680,War against leader skill official.,taken care of
415,951,701,586,Authority direction believe alone her series.,processed
416,855,464,576,Show want his call side possible thousand least.,received
417,797,589,618,Party another position rise reveal out leg.,received
418,773,114,733,Participant offer ball agreement read.,received
419,308,274,802,Police establish bank across.,processed
420,865,308,370,Interesting government apply always attack.,taken care of
421,702,136,923,Wish kid research.,taken care of
422,869,858,935,Consumer price grow stop.,taken care of
423,838,584,757,Turn military teacher event.,processed
424,516,999,25,Fire model become lose eight.,taken care of
425,247,358,814,Unit low woman then off cold.,taken care of
426,314,431,511,It nation their story just firm.,received
427,662,415,823,Join act marriage sign pick.,received
428,614,157,267,Describe another will such.,processed
429,462,811,716,Training property short sport cell stand task.,processed
430,282,86,7,Management factor beyond role.,received
431,952,826,89,Public half left field.,taken care of
432,276,406,531,Drive former serve follow never language few available.,taken care of
433,11,39,136,Any home report.,processed
434,878,817,52,General name Congress too customer fight.,processed
435,2,361,992,Have follow entire voice anything.,processed
436,126,622,388,Pay safe great institution population sister.,received
437,594,109,190,Down land their catch will me.,processed
438,644,450,953,Fast low heart ago wear majority writer.,taken care of
439,231,92,334,High career whatever lose.,taken care of
440,720,203,191,Firm part capital ahead vote.,taken care of
441,93,77,697,Yard institution standard gun early.,taken care of
442,251,879,882,Become national force international reduce case by.,received
443,955,963,647,World compare glass.,taken care of
444,168,945,13,Successful send board alone worry why daughter.,processed
445,788,489,253,Ago couple play base traditional city ahead.,taken care of
446,306,841,717,Chair race experience if.,processed
447,275,15,813,Study world improve car respond kid.,taken care of
448,642,473,332,Fast mother everyone level position deal fish past.,received
449,175,170,953,Serve these seem.,processed
450,165,459,679,Me rise this compare price lead.,taken care of
451,300,164,751,Finally they process.,processed
452,744,432,101,Future less represent instead sea.,received
453,988,237,205,Through car manager form knowledge.,taken care of
454,801,963,533,Far near laugh model.,taken care of
455,839,375,319,Night sure phone reduce want great.,received
456,611,117,875,Design new on serve figure specific standard bad.,received
457,498,165,521,Teacher color fill place produce.,processed
458,843,700,481,Painting week forward until over.,taken care of
459,874,96,484,Letter writer pass put half.,received
460,418,964,225,Theory letter medical fly Mrs list unit see.,taken care of
461,786,663,784,Safe rise prepare author long sport you above.,received
462,826,434,430,Prove increase officer week less economy physical.,taken care of
463,613,551,862,Lead final respond accept for government house them.,processed
464,958,227,428,Stand appear risk ball father.,taken care of
465,196,249,580,On short center wear performance forget up.,processed
466,678,267,800,Inside word return people might.,received
467,692,67,256,Language economic not else.,processed
468,586,581,882,Guy cover sea institution.,processed
469,525,910,924,Blue vote lose matter enjoy.,taken care of
470,730,383,763,Think building moment car happy.,taken care of
471,447,776,695,Both after six focus offer.,taken care of
472,471,560,436,Travel own reality push suddenly catch.,taken care of
473,184,537,590,Same mother mouth police about.,taken care of
474,522,174,788,Should realize him clear drug rate.,taken care of
475,84,497,286,Dream pick them great human where glass.,processed
476,448,166,209,Kid top argue common investment anything.,taken care of
477,104,119,737,Cut party expert detail suddenly state expect.,received
478,323,715,413,Experience voice take way Congress design region court.,received
479,608,855,18,Likely approach left reality.,received
480,26,895,801,Position land information knowledge leave player huge.,processed
481,233,508,998,Six decade economy huge.,processed
482,346,598,574,Spend stop weight think meeting range play involve.,received
483,16,749,663,Institution PM discussion always half fly.,processed
484,151,195,850,Since prevent represent accept relate.,processed
485,185,266,165,Population thus computer area with go week nature.,taken care of
486,931,956,558,Cultural eat natural fire whose increase.,processed
487,653,203,684,Include by herself activity every protect.,taken care of
488,177,26,140,Act drive white.,taken care of
489,525,940,874,Tend guy physical.,taken care of
490,575,520,203,College which civil maybe happy program together.,processed
491,362,244,938,Service drug weight agree design.,taken care of
492,663,1000,673,Daughter maintain back born identify group.,taken care of
493,480,106,506,Series change within sound threat popular meet field.,processed
494,448,635,984,Learn every color cup.,received
495,754,540,188,Service data rest ok trial south take.,taken care of
496,327,936,929,Drive Mr me east avoid treatment.,taken care of
497,22,295,299,Fish soon particular.,received
498,354,182,447,Music today put environmental miss send shoulder mention.,taken care of
499,591,232,1,Question cover ever.,processed
500,605,414,549,Per cost recently knowledge indeed.,processed
501,779,983,728,Type matter bar month sing.,received
502,579,240,219,For likely site early in decision a.,taken care of
503,484,821,777,Hundred pretty these wait.,processed
504,162,802,49,Focus small prevent.,received
505,270,384,179,Term may factor.,processed
506,635,683,843,Professor live teach move.,received
507,655,616,377,Political society yard.,processed
508,90,243,283,Right would care.,received
509,752,139,862,Table data college data personal difference group.,taken care of
510,550,414,334,Provide oil same whole raise matter right.,taken care of
511,566,170,77,None several majority sister.,received
512,371,970,459,Job yeah or list.,processed
513,86,194,296,South out value decade within industry.,processed
514,761,30,918,Talk project matter only accept help.,taken care of
515,918,805,400,Newspaper condition minute consumer price call listen.,taken care of
516,689,62,673,Ground thousand story environmental reason series rich.,received
517,382,408,665,Course several yeah forget number authority.,processed
518,531,601,107,Positive glass ahead term say couple.,taken care of
519,570,452,390,Western hot this style happy clear.,taken care of
520,259,285,390,Already he serious article room field law enjoy.,taken care of
521,563,869,565,Real away once great bed very bit.,received
522,1000,629,194,Tell from week also.,taken care of
523,395,280,324,Although reduce soon walk believe meeting.,processed
524,893,722,546,Once hand hear huge we former.,processed
525,869,97,135,Tree condition staff civil large game.,taken care of
526,389,871,890,Compare usually Democrat left still approach.,received
527,955,75,147,Yes drive describe seem mention special discuss live.,processed
528,275,267,661,Across type thing bill.,taken care of
529,804,321,304,Style laugh who turn them stop.,received
530,814,553,785,Positive president guess enter population clearly hundred.,processed
531,47,343,601,Participant mention too Democrat value night old.,received
532,612,621,893,Amount member chair can court hundred eight.,taken care of
533,420,443,603,Imagine official less part star.,received
534,947,427,265,Establish build major Democrat figure material player maintain.,taken care of
535,577,77,469,Term sister information yard we town consider.,received
536,738,425,542,Doctor go pretty various unit address move threat.,taken care of
537,25,937,451,From appear enter share back will.,taken care of
538,413,659,856,Human mission market member very data social born.,received
539,744,453,911,Many she no this.,processed
540,393,89,744,Full to upon continue.,received
541,993,890,831,Wide safe take deal citizen.,received
542,39,289,340,Than investment wall.,received
543,273,993,768,Talk certain left account.,taken care of
544,234,89,3,Head pick then democratic.,taken care of
545,558,312,829,Necessary entire do law.,received
546,126,342,211,Truth much window.,processed
547,854,672,34,Owner value tend.,received
548,127,837,267,Perform parent ground whom street camera.,processed
549,777,910,365,Around foreign bag enjoy third star class.,received
550,754,328,131,Rock floor rich choice.,processed
551,28,22,12,Cost there share camera.,processed
552,631,279,239,Fear seat do appear still worry.,processed
553,807,754,607,Stand office kitchen rate keep realize.,processed
554,648,747,751,Ask rate Democrat relate financial bad dream.,taken care of
555,84,101,881,Participant experience country particularly these actually.,received
556,194,242,422,Direction born team program look green exist student.,taken care of
557,153,457,813,Position generation doctor risk serious hard.,taken care of
558,801,387,129,Never far item popular certainly morning high.,taken care of
559,967,992,37,Throughout both relationship gas make believe.,received
560,877,108,345,Major continue argue throughout adult cost.,taken care of
561,983,4,997,Study move example different.,taken care of
562,424,564,185,Style election exist believe research day laugh.,processed
563,569,510,267,Citizen relate fight help current reason station less.,processed
564,870,3,393,Nothing next nothing hit improve meeting of imagine.,processed
565,443,744,27,She only laugh glass detail more.,processed
566,282,961,161,Throughout available reflect eye.,received
567,334,260,672,Me participant local common.,processed
568,430,252,65,On nearly method all line day country.,taken care of
569,217,274,740,Oil trouble order value.,processed
570,108,51,948,Firm performance run two last person reflect.,processed
571,605,300,802,Small later too suggest.,taken care of
572,542,1,221,Little know seven public.,taken care of
573,998,552,984,National this how good authority.,taken care of
574,254,686,875,Fear wait alone free less toward.,processed
575,987,682,207,Financial war three only.,taken care of
576,104,490,97,Develop agent trip stay because where.,taken care of
577,670,430,352,Direction role very always.,taken care of
578,964,383,536,Early war interview health job instead make.,received
579,361,709,519,Tonight lawyer meet none will.,processed
580,88,119,167,Hard bank often wall.,received
581,440,462,7,Phone total ball economy to decade.,processed
582,240,137,446,Occur entire that.,processed
583,583,868,131,Rest data remain.,processed
584,685,604,214,Operation fine return.,taken care of
585,542,205,855,Former market leader foreign toward arm citizen.,received
586,390,737,843,Traditional investment baby religious eat air security.,received
587,382,780,280,High expect food.,processed
588,213,655,709,Until model pretty find lose weight staff.,taken care of
589,367,695,998,Inside direction coach base.,taken care of
590,858,411,617,Could bit same police property understand black.,processed
591,859,26,870,That true record card street bank.,taken care of
592,847,237,744,Floor meeting house company.,taken care of
593,867,701,218,Artist let office daughter opportunity black.,received
594,951,143,89,Moment establish candidate necessary special president maintain popular.,taken care of
595,748,160,695,Along find community across grow party.,received
596,106,524,572,We receive positive all piece officer energy task.,taken care of
597,828,485,179,Hospital almost actually alone thousand region practice sometimes.,taken care of
598,32,585,86,Hour middle spend less law ask similar.,processed
599,756,118,171,Kind people describe fast cover.,received
600,473,144,631,Perform whether score different past charge hour.,received
601,462,377,858,Not pass couple specific.,received
602,205,715,926,Throw rock edge artist whole lose dark.,received
603,21,737,84,Risk director result eat.,received
604,945,823,49,Policy network seven allow live share key.,taken care of
605,777,4,192,Eight teacher sort finish environment property air.,taken care of
606,816,840,154,Work people ability fine resource likely future.,received
607,848,800,657,Hit own return owner make result.,taken care of
608,557,6,694,Already later writer through from lay.,taken care of
609,202,84,877,Offer week necessary worker southern true suffer.,processed
610,581,617,407,Develop now same must any social.,taken care of
611,45,274,808,Each hold Congress common consumer lose center.,processed
612,737,690,872,Use major any help yourself force.,processed
613,458,301,712,Experience out wide catch.,taken care of
614,238,923,120,Wall watch alone during if beat television.,processed
615,687,795,860,Those letter street.,received
616,804,728,680,Learn contain law we.,taken care of
617,280,89,955,Dream perhaps book population against wife.,taken care of
618,300,955,183,Customer low better.,taken care of
619,420,140,88,Until fund fall.,received
620,17,318,447,Allow play culture into each center first seek.,processed
621,805,818,306,May create most certain song seek offer.,received
622,844,50,335,I party money trial leader million.,taken care of
623,755,10,576,Fund all parent political under fund field.,taken care of
624,609,833,985,Sit center Mr plant if talk.,taken care of
625,764,829,514,Term security behavior represent.,received
626,608,481,20,Its concern scientist tend drive student at or.,processed
627,535,243,968,Step next article first girl.,processed
628,255,853,440,Tend source arrive wear.,taken care of
629,800,416,927,Husband set laugh side interview.,taken care of
630,811,633,191,Table unit despite live.,received
631,761,111,326,Seat ahead leave happen dark quality image.,taken care of
632,711,1,495,Time line artist onto worry.,processed
633,7,604,960,Statement see whom chair no world.,taken care of
634,161,765,250,Late team interview.,processed
635,372,778,75,Wear beat important upon after.,taken care of
636,821,99,6,A forward floor table car more arm describe.,taken care of
637,746,173,649,Would factor rule hand.,taken care of
638,129,301,835,Raise left start care beat different.,received
639,845,404,31,Leave series listen relationship low like.,taken care of
640,876,660,536,Too career model true note.,processed
641,335,567,251,Door actually nature end carry total Mr.,taken care of
642,259,272,763,Least fear against local.,received
643,286,538,890,Argue there someone well management.,taken care of
644,564,535,92,Note outside group woman.,received
645,429,191,570,Attorney it speak lot who task reveal.,taken care of
646,894,929,677,Figure natural read course between scientist bank.,processed
647,376,680,892,No instead its suggest professional lay.,received
648,101,198,750,Ever country another.,taken care of
649,593,985,266,Shoulder catch source night budget within.,received
650,959,991,378,Close most unit party film employee work.,received
651,419,356,299,No every often matter we allow cell.,taken care of
652,985,474,749,Serve season type.,processed
653,605,535,225,Exist pass recent Mr difference environment paper.,processed
654,830,259,638,Down respond bar social work back learn.,processed
655,528,988,811,Top great soon.,taken care of
656,41,522,782,Guess stock person.,processed
657,521,675,960,Mean agent blood long.,received
658,219,681,915,Film produce lawyer.,received
659,599,246,19,Over scientist contain nor create development.,taken care of
660,260,353,335,Identify cell never feel institution.,received
661,434,555,953,Office different space meeting career movie.,received
662,609,407,26,Analysis know evening trial let across thousand.,processed
663,804,158,349,Research choice describe board.,received
664,154,354,988,Despite member listen determine piece.,taken care of
665,863,2,886,Weight cover represent relationship take create citizen.,received
666,872,556,620,As reveal detail raise character total.,processed
667,569,895,139,Heavy place oil.,taken care of
668,378,147,903,Argue there federal four ok catch budget.,taken care of
669,262,445,548,Media citizen here believe consumer common.,received
670,611,707,738,Adult rich authority dark why.,taken care of
671,655,389,685,Professional any act marriage heart lose fact general.,received
672,603,789,400,Item order school.,received
673,820,376,700,Traditional thank leave speak send.,received
674,732,899,594,Now seek back charge.,received
675,706,716,691,Against environment floor middle where citizen great.,processed
676,814,662,137,Appear class thus sell national.,taken care of
677,47,967,197,Suggest vote participant fire black each necessary.,taken care of
678,350,717,475,Main ever arm Mrs popular feeling medical.,received
679,600,668,974,Watch go the sit person happen.,processed
680,247,622,946,Remain rich let.,received
681,999,24,727,Magazine money mean to finally once walk year.,taken care of
682,824,441,725,Sure example ahead father ok edge.,taken care of
683,94,650,219,Various discover magazine.,processed
684,544,473,430,Toward sense out agent song.,taken care of
685,790,770,881,Difficult none individual parent.,received
686,758,498,603,Mention range truth state perform grow end.,received
687,22,993,52,Certainly do make citizen whether question condition soldier.,received
688,625,210,438,Central artist artist certainly community analysis.,taken care of
689,809,400,835,Challenge thus player energy something claim drug notice.,taken care of
690,653,153,68,Factor seem eat go.,received
691,115,760,499,Reality someone gas early network television scientist.,taken care of
692,591,758,321,Dream rest all arrive.,received
693,478,179,389,Since father without gas early.,taken care of
694,192,282,537,College most push source.,received
695,97,540,163,Dog news artist address already agent ability.,received
696,164,28,548,Control rule big full computer according many.,processed
697,634,472,283,Remember apply reveal product like long candidate ability.,processed
698,301,162,605,Add partner approach safe data election.,processed
699,689,807,992,Practice network find receive technology soldier.,received
700,921,787,639,Work occur the often by.,received
701,156,469,178,Two design clearly improve recent.,processed
702,479,467,571,Detail player cell kitchen several anything term about.,taken care of
703,105,448,558,Then defense safe industry.,taken care of
704,452,911,507,Child effect least address.,received
705,973,953,630,According development size so local trade plan.,processed
706,374,672,820,Suffer local picture term sort sit where front.,processed
707,443,391,343,Short note hope indeed lead group.,taken care of
708,415,920,857,Effect newspaper add reflect wear.,received
709,869,552,173,Include expert travel quickly.,processed
710,392,632,407,Able walk language when.,received
711,903,209,315,Cause suddenly table ask kind when available can.,processed
712,744,186,972,Get able tonight physical.,taken care of
713,657,590,123,I determine he.,processed
714,283,589,340,Finish training key peace.,received
715,437,393,788,How someone international develop test first.,processed
716,739,271,683,Need catch try factor ago.,taken care of
717,564,704,681,Beat interview system information our.,received
718,457,239,459,Ago first relate meeting.,processed
719,694,639,726,Single window door early unit identify according.,taken care of
720,951,414,258,Success generation receive claim seat positive ready.,processed
721,984,934,92,Morning push effect.,received
722,249,323,873,Be many feeling wife same read.,taken care of
723,431,282,257,Tough usually really result fight.,received
724,261,452,243,Life become news late himself prepare.,received
725,314,242,904,Left administration reveal human threat rate.,processed
726,693,446,778,Court participant first arrive the age fine.,processed
727,34,836,87,Own reason include open.,processed
728,905,484,340,Human arrive peace argue direction fact.,taken care of
729,102,576,851,South Republican somebody best free activity whole.,taken care of
730,312,428,519,Talk test through space blood keep.,taken care of
731,888,784,142,Art stand allow west interest clearly model.,taken care of
732,679,441,455,Girl common bill himself.,taken care of
733,440,685,232,Establish wish inside put third international avoid.,processed
734,617,559,878,Stay race finish operation eye issue yeah.,received
735,674,428,365,Within project guy amount actually.,received
736,716,116,886,Else design body.,processed
737,757,610,867,Bank simple enjoy doctor successful store energy.,received
738,40,106,298,Activity specific think than rather agree political result.,taken care of
739,66,553,159,Drive whole suddenly toward worker drop society.,processed
740,979,402,632,System effort do product ability police.,received
741,242,338,616,Source idea pretty improve read national.,taken care of
742,151,417,469,Foreign else new such answer very.,processed
743,46,51,781,Identify protect color attention.,processed
744,842,569,859,Media identify after old plan yeah too.,received
745,851,742,747,Model fact early together few.,received
746,360,401,782,Not nature none full.,taken care of
747,277,225,577,Gas church ready sense.,taken care of
748,633,572,376,Condition message investment tough scene factor.,received
749,578,931,356,Thank lawyer model identify record language water say.,taken care of
750,919,870,629,Quite federal image focus nearly.,taken care of
751,967,500,34,Kid market see piece speech point.,processed
752,52,66,392,Different well back move.,processed
753,957,445,639,Everyone indicate plant watch adult.,received
754,422,339,199,Fish success product church see people.,taken care of
755,365,191,991,Accept already new continue prepare.,processed
756,585,163,431,Gas mother finally goal price research bag.,processed
757,409,241,973,Response understand power.,taken care of
758,338,322,453,Case art particularly dream challenge.,taken care of
759,648,711,681,Share main blue effort protect new admit western.,received
760,868,71,559,Coach successful life.,taken care of
761,344,826,477,Exist computer example strong assume.,taken care of
762,499,419,632,Enjoy fall international quickly foot drop.,taken care of
763,162,171,345,Specific population either operation.,received
764,41,135,232,Model senior space goal program.,taken care of
765,264,271,741,Today worker add.,processed
766,812,726,847,Who per sense source senior so ok.,received
767,111,129,972,Allow out everyone how.,processed
768,537,500,683,Research interview upon use prove news front.,received
769,91,716,979,Manage positive will stuff address answer staff professional.,received
770,111,114,351,Involve economy have task.,received
771,271,903,911,System cost watch back.,taken care of
772,754,785,746,Agree this what write step year party.,processed
773,577,900,485,Able reflect price best room guess.,taken care of
774,476,4,240,Reason soldier support already.,received
775,121,721,110,Chair and everything since identify.,processed
776,953,990,904,Computer test price human forget sit.,processed
777,627,760,73,Character politics edge huge small.,received
778,49,386,879,Wait including nature soldier event.,processed
779,804,660,128,Official amount occur teach each realize.,processed
780,191,198,962,Little why foreign act several simply.,processed
781,731,180,903,Save later professor collection policy move.,received
782,944,730,720,High wait garden safe compare family treatment reason.,processed
783,829,570,628,Relate your set sister room actually want whose.,received
784,437,387,195,Morning police art community try wait sister.,processed
785,392,775,553,Among which recently produce gun benefit tell.,taken care of
786,496,973,308,Agreement tax crime admit mother receive.,taken care of
787,329,424,537,Structure large she cover recognize.,processed
788,860,665,70,Table position woman law it letter really.,processed
789,945,189,766,Describe yard good three key third bit.,processed
790,930,130,556,Film fund measure left.,processed
791,161,953,313,Skill rather him future necessary employee.,received
792,433,340,931,If degree while thousand loss son cup.,received
793,730,538,742,Must lead people near.,processed
794,151,316,419,Herself list near but add.,received
795,26,14,609,Material talk deep first.,taken care of
796,546,416,61,North well off believe blue treatment system.,processed
797,136,292,812,Leader close leave much heart.,processed
798,576,411,821,Drive part too build.,received
799,936,205,169,News center young better small measure.,processed
800,467,830,905,Their ability American.,taken care of
801,851,499,559,Exactly manager mention adult become discover close.,processed
802,32,661,688,Force like enjoy office believe conference program.,processed
803,741,756,535,Card just card much condition individual.,received
804,234,851,729,System new recognize.,processed
805,372,561,901,Thousand good foot approach.,processed
806,168,422,328,Feel another itself speak agency.,processed
807,279,390,158,Focus what enough money.,received
808,664,15,42,Right your week serve and thing.,processed
809,368,124,214,Claim raise although realize.,received
810,152,976,200,Production stand environmental forget red no.,taken care of
811,873,197,645,Traditional edge line certain above pay quality.,taken care of
812,976,734,705,Side south rather rest purpose well.,taken care of
813,284,172,993,Look well vote child bank.,taken care of
814,151,976,230,And daughter score pressure nature pass concern.,taken care of
815,934,480,92,Low three range would help treatment range.,received
816,893,639,456,Action back more do everyone you.,processed
817,107,239,859,Character later fall letter baby leave.,processed
818,114,438,777,Condition ball per campaign sister section hospital church.,processed
819,663,726,357,Position couple by player responsibility.,processed
820,894,885,794,Remain employee western clear.,taken care of
821,517,520,994,When reveal coach possible these involve.,received
822,940,692,169,Also head decide past if start.,processed
823,47,379,575,Time popular life onto street.,processed
824,249,507,991,Anyone information nice because box piece service.,taken care of
825,113,632,650,Soon attention most treat late.,received
826,665,422,169,High lawyer me shoulder station course.,received
827,188,522,782,Religious see challenge author.,taken care of
828,186,787,971,Trouble vote authority trade television.,received
829,227,186,883,Congress push prepare once.,received
830,235,758,829,Street fly respond try after much several.,received
831,54,681,203,Resource society during red he finish on hold.,taken care of
832,563,60,882,Probably home movie fall son.,taken care of
833,86,953,10,Study land experience decision pressure foreign.,processed
834,953,886,198,Above candidate TV west.,processed
835,488,660,241,Drug forward game your choose beautiful also.,received
836,700,495,372,Small whom then top magazine.,taken care of
837,895,910,829,Future in throw individual field including may attention.,processed
838,389,178,754,Skill explain investment quickly offer visit.,taken care of
839,895,194,928,Unit begin over along.,taken care of
840,954,142,76,Group break music remember board series response.,received
841,127,50,22,Pressure admit decision loss story.,taken care of
842,855,85,506,Believe forward sell hour themselves.,processed
843,328,591,496,Book available charge the behavior.,taken care of
844,16,242,560,Understand former actually child present.,processed
845,384,53,141,Thousand cost cup.,processed
846,254,662,800,Small news guess work.,taken care of
847,763,76,811,Strong science computer pick style your.,processed
848,854,226,236,While challenge help show step kid side.,processed
849,817,850,130,Yet establish Congress Democrat nation new health.,received
850,236,631,24,Short program lot my spring.,taken care of
851,800,493,383,Factor up foreign during.,processed
852,728,852,82,Determine because staff mean their.,received
853,366,27,139,Visit whom its begin guy price.,received
854,651,804,970,Student between mean happy each surface hospital success.,taken care of
855,587,977,90,Time most dark court.,processed
856,628,878,877,Ahead film according police happen.,taken care of
857,484,829,255,Treatment home central early course.,processed
858,800,807,705,Me finally but indicate something experience back poor.,received
859,632,308,775,Suddenly guess tonight interesting.,taken care of
860,332,379,673,Court current top billion particular thank standard.,processed
861,334,514,806,Including only care.,processed
862,98,774,444,Health manager thing surface need station series.,received
863,816,591,772,People quite next.,received
864,782,733,406,Common rather stock room.,taken care of
865,234,911,327,Care manager four start account book.,taken care of
866,88,227,378,Small rock claim clearly do feeling.,received
867,326,640,769,Game see spend.,received
868,306,540,600,Arrive see western box safe.,processed
869,89,804,280,Few rich remain different.,received
870,338,1,145,Hour ahead size office.,taken care of
871,671,213,646,Available action news clear bad.,received
872,36,679,766,Whole few outside forward create his sea.,received
873,749,225,759,Great most card usually open sea.,taken care of
874,137,292,543,Middle weight shoulder range people someone.,processed
875,39,304,710,Event nor follow yeah while open because.,processed
876,466,228,879,Offer wind poor.,processed
877,985,552,668,Quickly cold matter action discussion join.,received
878,740,969,877,Guess information none hot win approach.,taken care of
879,339,308,453,Care himself international vote general.,taken care of
880,460,485,281,Remain yourself local some.,received
881,114,228,861,Above agree training yeah feeling from hot.,processed
882,463,195,536,Whole only you mention however everyone may civil.,taken care of
883,961,86,943,Issue season involve this employee something.,processed
884,309,531,504,May letter you news it.,taken care of
885,972,214,984,Else fund government choice.,taken care of
886,536,754,746,Onto hear catch compare raise project pattern audience.,taken care of
887,986,497,437,Growth activity imagine final stop hot body wall.,processed
888,25,603,642,Rate front left.,processed
889,427,761,67,Successful practice professor training personal avoid stay stock.,processed
890,303,791,796,Car same add someone.,taken care of
891,867,989,584,Address player entire beautiful.,taken care of
892,145,727,190,Prepare life how forward.,received
893,881,456,643,Mouth nothing area politics increase religious article.,taken care of
894,790,175,805,Deal hotel day some.,processed
895,364,433,609,That center father investment car.,taken care of
896,283,661,600,Bad source consider note my near.,taken care of
897,898,77,995,Key late question walk season.,processed
898,140,657,300,However likely stuff treatment.,processed
899,621,586,627,Blue business heavy smile hand.,taken care of
900,254,228,953,Tell career stuff election walk keep.,processed
901,777,785,862,Bank hour director clear program set discussion.,processed
902,409,269,847,Involve real word first dog do community.,taken care of
903,628,896,472,Pretty try help career.,received
904,64,905,496,Institution site life great nothing rise.,processed
905,269,572,329,Old nation in nothing capital.,taken care of
906,676,577,129,Heavy lawyer know.,taken care of
907,969,431,8,My job big set state.,received
908,172,952,799,Day million we attack.,taken care of
909,17,203,47,Begin suggest day really mention cut staff western.,received
910,222,658,656,Near follow degree cause face beyond.,taken care of
911,444,221,993,Yeah country put.,processed
912,999,828,228,Hour energy laugh.,processed
913,450,203,900,Cost animal commercial since process today.,processed
914,306,372,746,Car trial vote late economic force.,received
915,907,875,252,Phone detail key second from part.,taken care of
916,388,621,346,He work surface bill.,received
917,951,600,818,Right when third stop.,processed
918,713,774,524,Physical adult east hard miss describe data operation.,processed
919,173,194,718,No huge pull push able owner clear.,received
920,19,356,124,Because organization live yeah describe stay.,taken care of
921,394,530,228,Meeting center try scientist agreement step.,processed
922,362,436,403,Third seven key movement participant attorney care.,taken care of
923,759,621,938,Image life require among according remember office treat.,processed
924,470,524,608,Lay since fish blood.,processed
925,829,192,245,Although plant fine fall yard.,received
926,798,773,668,Middle low TV bill international short take laugh.,received
927,788,962,404,Simple our hit usually together three of.,processed
928,56,173,439,Government tend thus.,received
929,862,80,850,Quite camera message matter contain.,received
930,310,575,408,West these set scene fish town.,processed
931,751,556,112,Buy money participant miss book school.,taken care of
932,352,853,760,Of major reality executive memory support three green.,taken care of
933,304,679,61,Huge police father dark.,received
934,305,87,47,Mention history leader recent.,processed
935,606,831,973,Or them partner here police we.,processed
936,54,197,928,Field degree source actually so friend.,processed
937,622,521,276,Cost air these show west.,taken care of
938,929,996,747,Section identify stand practice receive rock effect.,taken care of
939,984,856,954,Shoulder television beautiful.,processed
940,154,849,280,The federal alone run or against child member.,processed
941,679,589,913,Box situation decision happy idea present.,taken care of
942,47,775,116,Democratic various measure wrong table.,taken care of
943,349,377,659,Recently fast sport future quickly.,processed
944,894,320,867,Anyone worry cut read heavy computer card take.,received
945,933,53,404,State this cultural know than entire firm.,taken care of
946,88,878,857,Three morning instead too consider.,received
947,114,227,625,Leg cause front brother difficult only.,taken care of
948,785,749,771,Fire certainly left power another weight.,processed
949,599,99,440,Manage finish good anyone charge sense still.,taken care of
950,128,530,618,Next keep approach throw.,processed
951,335,621,160,Ask product unit executive.,taken care of
952,760,880,549,Sing agency interesting very impact evidence.,received
953,593,72,590,Free situation than free writer within.,taken care of
954,909,200,871,Ground message join south herself produce.,received
955,572,386,709,Might side put.,processed
956,37,847,175,Purpose media when include get quickly finish until.,taken care of
957,885,79,835,Debate we forget itself.,taken care of
958,412,84,603,Seat heavy degree exactly.,processed
959,941,691,285,Tv assume front order fear side.,taken care of
960,785,901,377,Surface doctor one central teach.,taken care of
961,558,706,627,Feel standard break.,processed
962,650,538,343,Appear strategy lay the sense ready bring me.,processed
963,482,212,678,Its guess even television.,processed
964,340,94,472,Prove city but far generation.,processed
965,955,667,557,Site spring movement toward serve.,taken care of
966,947,861,329,Wrong last surface participant.,taken care of
967,398,591,106,Eat particular speak produce player society.,received
968,590,649,222,Arrive yes view seven tax apply again.,taken care of
969,585,967,129,Open bring week.,processed
970,222,367,121,Hold popular do recent nice know stage personal.,processed
971,172,71,923,Community look American rate modern know.,taken care of
972,62,989,208,Nice year best exist.,received
973,695,545,857,Pick word us visit.,received
974,609,956,949,Feel first over thought late.,taken care of
975,40,948,110,Argue four someone different drive.,taken care of
976,556,658,550,Bill light top million.,taken care of
977,673,226,815,Size book now tough.,processed
978,614,485,655,Poor from light.,taken care of
979,579,314,634,Attack word close instead.,processed
980,500,111,74,Eat how official eight natural east energy.,taken care of
981,468,403,262,Parent bit happy thus sure side.,processed
982,867,830,413,Free whether wrong every get can economy.,processed
983,649,976,607,On something next last majority week.,taken care of
984,326,221,160,Attorney far include have quite black.,received
985,451,581,945,Argue yes year ball management others child team.,taken care of
986,703,405,332,Nothing himself himself because those arm.,taken care of
987,192,474,952,Change protect anything.,taken care of
988,430,510,27,Majority agreement radio fall look.,taken care of
989,687,723,34,Way your question boy water until.,taken care of
990,226,618,535,Mrs writer member explain rest.,taken care of
991,118,163,135,Able year prevent bit wonder region significant.,taken care of
992,763,37,594,Run customer choice than.,processed
993,699,161,638,Perhaps total project two consumer play.,processed
994,465,403,671,Store experience huge baby interest world option for.,processed
995,467,280,979,Safe visit during.,received
996,521,640,918,Leg number cut word.,taken care of
997,715,84,950,Stage political thing show travel capital yet relationship.,taken care of
998,875,34,94,Family near measure place assume.,taken care of
999,134,766,151,Tough character describe program address.,received
1000,521,632,621,Although record amount which free onto itself.,received
