event_id,event_name,event_date,event_location
1,Aerified,2024-10-05 08:03:26,74 Mayfield Drive
2,Voltsillam,2024-10-16 22:47:53,82298 Mallard Court
3,Redhold,2024-12-16 16:28:12,6 Porter Hill
4,Zamit,2024-11-04 05:23:25,6179 Nobel Junction
5,Flowdesk,2024-11-05 05:34:20,50150 Quincy Place
6,Job,2024-04-15 05:59:58,60 Mallard Park
7,Voltsillam,2025-03-01 07:21:35,1009 High Crossing Lane
8,Stronghold,2025-02-16 19:05:57,883 Almo Plaza
9,Konklux,2024-11-22 04:45:57,449 Gateway Park
10,Zoolab,2024-11-25 20:53:11,54 Coolidge Crossing
11,Matsoft,2024-06-10 02:26:16,69 Rusk Circle
12,Daltfresh,2025-03-28 14:03:28,849 Sachtjen Drive
13,Otcom,2025-03-13 14:47:54,688 Glendale Parkway
14,Viva,2025-03-26 11:40:08,0 Becker Junction
15,Tampflex,2024-10-19 06:47:43,933 Kedzie Circle
16,Transcof,2024-08-23 16:46:35,65802 Elka Place
17,Flowdesk,2025-01-03 16:57:56,6585 Oak Alley
18,Stringtough,2024-10-13 07:24:12,26697 Mayfield Point
19,Home Ing,2024-12-20 13:59:39,43 Burrows Crossing
20,Y-find,2024-06-14 04:47:01,667 Truax Street
21,Treeflex,2024-04-21 23:55:08,81 Scofield Court
22,It,2024-06-11 06:13:07,22 Toban Drive
23,Bytecard,2024-04-08 22:43:18,38971 Myrtle Circle
24,Alphazap,2024-08-03 21:16:33,15015 Hanson Court
25,Kanlam,2024-06-07 07:18:19,39 Lien Circle
26,Y-Solowarm,2024-12-16 19:06:47,89784 Dryden Avenue
27,Zaam-Dox,2024-12-21 05:22:49,72 Delaware Terrace
28,Tin,2025-03-19 23:54:00,55 Sugar Way
29,Bitchip,2024-11-21 12:45:39,6949 Northridge Terrace
30,Andalax,2025-03-27 18:41:45,2952 Chive Crossing
31,Voyatouch,2024-04-24 20:02:54,83554 Autumn Leaf Hill
32,Asoka,2024-10-30 20:10:21,2 Tomscot Crossing
33,Zaam-Dox,2024-06-16 19:17:31,30 Weeping Birch Avenue
34,Temp,2025-01-03 14:15:46,0599 Dryden Circle
35,Pannier,2024-05-09 13:32:07,2 Grim Court
36,Sonsing,2024-11-04 21:23:28,66515 Carpenter Circle
37,Namfix,2024-12-15 04:54:25,4 Mcbride Drive
38,Viva,2024-06-12 16:05:19,8542 Scott Pass
39,Gembucket,2025-03-18 14:50:57,36 Grayhawk Park
40,Konklab,2024-11-11 18:20:01,0810 Nancy Circle
41,Treeflex,2024-05-02 06:56:09,387 Mockingbird Place
42,Veribet,2025-01-31 22:51:54,483 Warner Way
43,Lotstring,2024-05-17 04:58:21,3 Scoville Avenue
44,Sonsing,2025-02-05 17:57:24,1855 Cody Way
45,It,2024-07-14 13:55:19,54613 Bashford Circle
46,Sonair,2024-11-25 15:07:26,84763 Cambridge Place
47,Namfix,2024-05-23 14:03:36,116 Katie Pass
48,Keylex,2024-08-14 08:25:31,0 Sage Hill
49,Sub-Ex,2024-06-21 07:11:50,55756 Schlimgen Way
50,Daltfresh,2025-02-03 06:18:18,81615 Caliangt Drive
51,Y-find,2024-05-15 00:26:25,76944 Northview Hill
52,Flexidy,2025-01-20 02:21:10,4983 Jenna Road
53,Trippledex,2024-07-17 09:36:21,93782 Granby Drive
54,Overhold,2025-03-06 12:52:55,69 Bayside Terrace
55,Otcom,2024-06-07 15:21:35,0 Autumn Leaf Crossing
56,Flowdesk,2025-02-20 21:27:14,13866 Nevada Circle
57,Redhold,2024-04-15 09:53:40,8 Judy Circle
58,Aerified,2025-02-25 13:49:02,95 Browning Lane
59,Span,2024-07-06 13:30:25,93 Dapin Park
60,Home Ing,2024-08-28 10:17:43,350 Leroy Way
61,Bitchip,2024-04-27 02:46:35,3 Kinsman Trail
62,Ronstring,2024-11-21 06:21:44,5573 Northfield Road
63,Job,2024-06-30 21:57:33,808 Riverside Center
64,Quo Lux,2024-10-20 06:43:40,9 Clyde Gallagher Court
65,Holdlamis,2024-07-12 15:34:32,709 American Ash Center
66,Mat Lam Tam,2024-10-24 06:42:45,0092 Daystar Circle
67,Toughjoyfax,2024-08-14 18:42:21,9 Southridge Trail
68,Cardify,2025-03-11 18:21:18,8 Lawn Avenue
69,Konklab,2024-12-16 22:20:26,72 Clemons Lane
70,Rank,2024-07-10 00:14:11,723 Kim Trail
71,Biodex,2024-08-25 17:47:16,01320 Jenifer Terrace
72,Flowdesk,2025-01-20 12:00:29,5 Kipling Point
73,Home Ing,2024-11-25 02:13:21,9416 Lien Way
74,Keylex,2024-04-18 07:00:48,9 Tomscot Terrace
75,Bamity,2025-03-08 07:03:58,69986 Charing Cross Drive
76,Daltfresh,2024-09-11 21:47:25,4495 Eggendart Drive
77,Otcom,2024-04-03 00:01:03,6031 Russell Street
78,Voyatouch,2025-02-11 11:04:04,00282 Northport Parkway
79,Rank,2025-03-23 05:54:29,3758 Harbort Place
80,Sonsing,2024-09-23 10:07:31,3 Menomonie Parkway
81,Transcof,2024-06-30 17:32:12,96093 Nelson Place
82,Fix San,2025-03-28 18:12:50,94543 Gale Trail
83,Span,2024-09-04 11:06:28,045 Bayside Place
84,Pannier,2024-12-24 11:31:15,3367 Chive Crossing
85,Keylex,2024-11-03 17:28:16,82289 Grayhawk Park
86,Sonsing,2024-12-26 22:21:33,1 Ronald Regan Circle
87,Zoolab,2024-05-31 23:27:45,82 Schlimgen Pass
88,Rank,2025-03-29 14:05:42,7 Graceland Point
89,Konklux,2024-11-26 07:46:49,85 Linden Trail
90,Tin,2024-12-14 16:21:58,101 Rusk Alley
91,Mat Lam Tam,2025-02-04 06:11:08,6151 Mockingbird Alley
92,Gembucket,2025-01-05 07:23:22,8089 Carey Drive
93,Span,2024-08-18 02:53:20,2295 Glacier Hill Street
94,Stringtough,2024-05-06 23:50:59,0878 Sommers Road
95,Latlux,2024-04-17 18:45:27,81 Main Drive
96,Overhold,2024-07-03 07:15:53,06674 Clemons Drive
97,Gembucket,2024-10-06 22:07:11,92340 Riverside Circle
98,Namfix,2024-11-21 16:00:47,9568 Emmet Point
99,Keylex,2024-08-12 14:06:46,2016 Kropf Parkway
100,Mat Lam Tam,2024-08-08 00:00:18,9 Schmedeman Point
101,Voyatouch,2024-11-21 19:10:52,81 Leroy Crossing
102,Duobam,2024-06-20 12:21:36,0 New Castle Plaza
103,Fintone,2025-02-01 14:32:00,34 Oakridge Hill
104,Overhold,2025-03-20 17:26:44,15 Eagle Crest Point
105,Redhold,2024-04-29 23:10:37,3 Eastlawn Drive
106,Stim,2024-09-15 22:36:11,4297 Russell Hill
107,Vagram,2024-07-23 15:39:20,74287 Spohn Street
108,Lotlux,2025-01-31 13:00:25,30921 Charing Cross Terrace
109,Sub-Ex,2024-12-16 13:07:04,6 Farmco Park
110,Tempsoft,2025-01-06 09:44:58,263 Orin Terrace
111,Span,2025-02-09 13:09:47,06 Del Sol Lane
112,Job,2025-01-30 19:21:06,1 Ludington Trail
113,Temp,2024-07-21 14:47:21,8944 Hintze Street
114,Sonair,2025-03-27 01:45:57,7 Columbus Court
115,Biodex,2024-04-24 13:03:06,3 Brentwood Hill
116,Asoka,2025-01-06 22:41:49,4 Acker Plaza
117,Stronghold,2025-03-29 00:45:26,576 Mandrake Point
118,Flowdesk,2024-07-17 20:31:43,7 Bellgrove Drive
119,Toughjoyfax,2024-10-07 13:13:55,15348 Fallview Road
120,Zathin,2025-03-07 06:52:23,95075 Bartelt Court
121,Rank,2024-05-20 21:26:38,214 Spenser Plaza
122,Stim,2024-04-30 06:33:44,100 Sachtjen Alley
123,Bitwolf,2024-09-22 17:31:29,07818 Northridge Circle
124,Latlux,2024-05-30 08:17:27,31540 Hanson Hill
125,Asoka,2024-10-14 05:33:16,6728 Dwight Road
126,Quo Lux,2024-09-12 12:19:51,2720 Onsgard Hill
127,It,2024-09-27 04:16:48,41519 Warrior Terrace
128,Job,2025-01-04 11:06:58,74 Manley Lane
129,Lotstring,2025-01-09 08:48:00,5 Anhalt Place
130,Zaam-Dox,2024-08-27 15:50:14,5 7th Alley
131,Temp,2025-03-20 02:24:06,8 Burning Wood Terrace
132,Alphazap,2024-08-21 23:12:16,2323 Mifflin Road
133,Vagram,2024-05-16 18:55:31,6293 Westerfield Street
134,Domainer,2024-11-15 13:00:14,5 New Castle Alley
135,Pannier,2024-05-02 09:03:50,928 Hanover Road
136,Tin,2024-06-15 18:27:59,5289 Tennessee Hill
137,Zoolab,2024-09-08 21:04:27,53 Monument Parkway
138,Fixflex,2024-07-22 04:10:06,55130 Maywood Street
139,Ronstring,2024-04-22 09:16:26,4251 Manitowish Hill
140,Temp,2025-02-16 17:30:53,5657 Dwight Pass
141,Lotstring,2024-07-19 18:54:59,730 Hovde Place
142,Fintone,2024-07-02 03:31:49,7 Fieldstone Park
143,Zathin,2024-10-07 16:36:33,8 Washington Lane
144,Daltfresh,2024-04-22 09:40:55,3 2nd Lane
145,Biodex,2025-01-19 20:34:52,4094 Vermont Plaza
146,Fintone,2024-09-02 05:57:04,41536 Little Fleur Parkway
147,Home Ing,2024-05-10 06:12:01,4346 Bartelt Terrace
148,Toughjoyfax,2024-06-05 03:02:21,706 Bultman Court
149,Redhold,2024-08-26 11:07:17,856 Sunbrook Way
150,Holdlamis,2024-12-14 15:28:16,7458 Sheridan Drive
151,Mat Lam Tam,2024-05-02 04:37:18,47487 Brentwood Point
152,Fintone,2024-10-12 03:51:42,2405 La Follette Junction
153,Job,2025-01-05 01:30:47,3 Del Sol Street
154,Holdlamis,2025-03-31 16:28:09,136 Hoffman Avenue
155,Mat Lam Tam,2025-01-20 11:58:19,7 Pond Pass
156,Lotstring,2025-01-17 20:46:26,95 Bobwhite Court
157,Tres-Zap,2024-04-22 15:36:31,149 Springview Alley
158,Vagram,2024-05-16 19:58:18,17383 Ruskin Trail
159,Lotlux,2024-10-18 08:04:30,1894 Brickson Park Center
160,Sonsing,2024-04-24 03:56:03,7902 Old Shore Way
161,Alphazap,2024-06-11 14:06:09,9 Garrison Drive
162,Temp,2024-04-16 13:09:48,2358 Manufacturers Junction
163,Zathin,2025-03-07 15:37:30,5 Westridge Circle
164,Fixflex,2024-09-16 15:54:26,336 Hauk Plaza
165,Bitchip,2025-03-15 20:55:37,2298 Ronald Regan Place
166,Alphazap,2025-03-15 07:00:46,16034 Waxwing Terrace
167,Matsoft,2024-10-16 04:56:49,91 Prairieview Terrace
168,Solarbreeze,2024-06-02 00:34:24,94496 Thackeray Terrace
169,Alphazap,2024-04-07 21:47:04,47494 Kingsford Avenue
170,Stronghold,2024-05-15 12:51:27,3 School Place
171,Span,2024-06-29 00:15:39,8 Paget Street
172,Prodder,2024-12-05 16:14:53,385 Spenser Parkway
173,Mat Lam Tam,2024-10-03 08:51:15,19027 2nd Avenue
174,Quo Lux,2024-06-19 13:06:55,936 Sachtjen Drive
175,Tres-Zap,2024-09-22 03:18:14,91329 Dorton Junction
176,It,2024-08-21 07:14:26,9 Utah Street
177,Vagram,2024-09-20 15:38:53,92 Eastlawn Hill
178,Cardguard,2024-05-24 03:50:59,26053 American Ash Park
179,Ronstring,2024-11-18 07:38:18,746 Kipling Avenue
180,Namfix,2024-04-21 13:23:30,36 Warrior Hill
181,Treeflex,2025-03-15 10:50:16,9376 Shelley Way
182,Voyatouch,2025-01-26 15:10:12,8 Esker Court
183,Stringtough,2024-04-14 21:47:45,4603 Cardinal Circle
184,Redhold,2025-02-20 22:11:17,49238 Cottonwood Plaza
185,Regrant,2025-03-25 14:36:55,386 Esker Hill
186,Veribet,2024-07-28 02:24:05,31 Kipling Crossing
187,Solarbreeze,2024-09-22 13:14:00,6109 Claremont Junction
188,Matsoft,2024-07-24 03:54:25,13 Fisk Point
189,Treeflex,2024-09-04 02:07:15,06215 Carberry Park
190,Y-find,2024-12-18 20:49:44,188 Northland Place
191,Transcof,2024-06-15 18:31:06,211 Arizona Way
192,Daltfresh,2024-06-05 14:57:15,45007 Westridge Center
193,Transcof,2024-06-21 18:30:54,851 Old Gate Plaza
194,Aerified,2024-05-23 12:11:22,6362 Lukken Junction
195,Bitchip,2024-06-01 16:21:52,38 Thompson Point
196,Biodex,2025-02-15 17:34:08,49 Express Alley
197,Y-Solowarm,2024-09-13 17:32:56,33 Hallows Drive
198,Zoolab,2024-07-02 03:43:28,7200 Mifflin Crossing
199,It,2024-12-02 22:49:54,281 Calypso Avenue
200,Cookley,2024-06-22 06:23:38,5 Parkside Trail
201,Sonair,2024-11-14 08:16:33,4 Shelley Point
202,Biodex,2024-04-15 19:30:52,14943 Macpherson Crossing
203,Tres-Zap,2024-11-02 00:20:03,8754 Sheridan Way
204,Pannier,2025-03-30 14:24:30,7561 Boyd Court
205,Tempsoft,2024-06-21 21:06:14,4 Summerview Terrace
206,Tempsoft,2024-07-12 00:33:39,1392 Miller Avenue
207,Otcom,2024-05-20 19:56:08,1931 Kenwood Way
208,Otcom,2024-11-06 05:32:49,58660 Longview Crossing
209,Domainer,2024-06-02 05:58:32,1778 Alpine Terrace
210,Overhold,2024-06-04 00:51:48,7 Monica Park
211,Tres-Zap,2024-05-21 07:14:20,90764 Heffernan Drive
212,Daltfresh,2024-07-14 19:34:13,1363 Fairview Crossing
213,Tampflex,2024-06-15 19:10:13,86 Logan Street
214,Span,2024-08-21 05:38:40,6 Moulton Circle
215,Wrapsafe,2024-06-27 23:27:01,16 Anderson Drive
216,Sonair,2024-11-12 18:23:35,13308 Grayhawk Hill
217,Quo Lux,2025-02-04 09:29:47,9433 Shopko Avenue
218,Stim,2024-10-17 21:07:22,7565 Algoma Junction
219,Bytecard,2025-02-15 11:17:49,8251 Esker Street
220,Matsoft,2024-10-04 16:13:24,6 Sauthoff Avenue
221,Quo Lux,2025-03-11 06:22:36,86 Dryden Drive
222,Bamity,2024-07-20 19:19:31,49145 Meadow Valley Crossing
223,Tampflex,2025-03-05 11:48:16,6 Pennsylvania Drive
224,Hatity,2024-12-17 21:48:26,34 Elmside Junction
225,Aerified,2024-05-20 19:00:22,0 Eastwood Trail
226,Stim,2024-10-23 16:49:22,76 Clarendon Park
227,Latlux,2024-08-21 07:51:57,15118 Carpenter Pass
228,Tampflex,2024-12-21 23:22:22,3 Armistice Way
229,Cookley,2024-06-06 06:14:57,96055 Fuller Terrace
230,Overhold,2024-04-14 22:39:19,6 Brickson Park Crossing
231,Gembucket,2025-01-05 15:20:11,28859 Mayer Junction
232,Fintone,2024-06-10 18:08:47,9 Portage Junction
233,Bitchip,2024-05-27 14:24:55,6303 Anhalt Lane
234,Wrapsafe,2025-02-03 08:12:05,4517 Quincy Place
235,Sub-Ex,2024-06-12 20:35:04,4901 Clemons Junction
236,Bitwolf,2025-01-16 02:40:17,3 Mcguire Court
237,Ventosanzap,2024-07-24 04:53:15,650 American Park
238,Flexidy,2024-11-08 18:48:28,0 Buhler Way
239,Span,2024-10-31 14:09:45,2691 Victoria Place
240,Domainer,2024-06-24 06:26:36,89783 5th Crossing
241,Zathin,2024-07-11 20:18:22,83 Clove Street
242,Wrapsafe,2024-05-04 23:37:47,70767 Menomonie Crossing
243,Alpha,2024-06-03 12:08:36,52025 Grover Plaza
244,Gembucket,2024-06-19 13:06:30,332 Dunning Drive
245,Cardify,2025-03-24 11:00:13,852 Haas Alley
246,Fixflex,2024-11-22 15:33:19,4 Dixon Plaza
247,Prodder,2024-10-22 11:27:29,50 Saint Paul Plaza
248,Y-Solowarm,2025-01-15 00:05:05,870 Cottonwood Junction
249,Stronghold,2024-08-27 11:50:48,2 Mitchell Place
250,Tin,2025-03-07 12:58:37,5 Lerdahl Parkway
251,Daltfresh,2024-07-05 11:46:46,35735 American Parkway
252,Flexidy,2024-08-25 22:33:56,0033 Northport Trail
253,Voltsillam,2024-11-15 15:31:30,8 Walton Point
254,Zaam-Dox,2024-11-21 15:14:03,73610 1st Way
255,Tin,2025-02-14 15:44:41,1856 Marquette Street
256,Zoolab,2024-09-28 00:08:50,37 Pearson Circle
257,Trippledex,2025-03-18 11:16:43,588 American Ash Drive
258,Trippledex,2024-08-21 18:02:07,3 Merry Park
259,Holdlamis,2024-11-15 05:50:27,613 Miller Avenue
260,Lotlux,2024-07-18 14:50:13,64 Talisman Drive
261,Zathin,2025-02-23 15:45:53,5546 Magdeline Plaza
262,Span,2024-08-15 01:04:57,428 Heffernan Lane
263,Bytecard,2025-04-01 06:08:25,85 David Hill
264,Ventosanzap,2024-11-01 16:42:00,6 Arrowood Avenue
265,Y-find,2024-09-17 01:31:33,56 Harper Hill
266,Latlux,2024-08-14 19:26:13,1 Stoughton Hill
267,Wrapsafe,2025-03-17 23:14:27,4 Prairie Rose Drive
268,Transcof,2024-08-02 23:13:30,6386 Hanson Trail
269,Aerified,2025-01-07 06:22:47,30 Jackson Court
270,Bitwolf,2024-08-06 19:19:51,36 Hollow Ridge Way
271,Flexidy,2025-02-01 15:51:51,6744 Clarendon Avenue
272,Subin,2025-02-01 02:13:13,8753 Delaware Court
273,Voyatouch,2024-07-10 07:53:14,8755 Sommers Hill
274,Sonair,2025-01-07 22:58:05,29 Harper Court
275,Holdlamis,2024-08-06 01:32:32,7 Golf Place
276,Stringtough,2024-04-22 14:25:56,69 Havey Circle
277,Mat Lam Tam,2025-03-31 02:23:37,9375 Toban Parkway
278,Zathin,2024-09-24 01:48:00,278 Dixon Hill
279,Y-find,2024-11-04 06:42:01,6 Comanche Way
280,Asoka,2024-07-03 09:25:29,4929 Bobwhite Alley
281,Y-find,2025-02-06 19:04:39,162 Old Gate Park
282,Fixflex,2024-09-30 15:28:01,730 Shopko Street
283,Tin,2024-12-10 05:56:39,2253 East Court
284,Zoolab,2025-01-12 18:49:20,7 Oak Alley
285,Alphazap,2024-06-24 06:16:15,35378 Holy Cross Avenue
286,Wrapsafe,2024-10-14 10:25:07,1944 Memorial Park
287,Stim,2024-08-11 01:00:32,03 6th Road
288,Ventosanzap,2024-10-24 17:48:19,03539 Old Gate Point
289,Y-Solowarm,2024-06-10 15:50:04,69918 Melrose Circle
290,Konklab,2025-03-08 07:09:36,476 Hoepker Center
291,It,2024-11-26 09:37:21,5 Loeprich Alley
292,Mat Lam Tam,2025-01-06 11:19:48,7 Carey Drive
293,Tresom,2024-06-10 02:39:29,8016 Washington Road
294,Ventosanzap,2024-04-15 21:59:05,816 Larry Court
295,Flowdesk,2025-01-15 07:10:21,090 Amoth Junction
296,Lotstring,2025-01-11 12:44:16,789 Coleman Plaza
297,Lotlux,2025-02-23 23:08:49,1268 Farragut Alley
298,Voyatouch,2024-07-01 16:30:05,9083 Nova Crossing
299,Temp,2024-04-14 05:43:21,714 Bluejay Parkway
300,Pannier,2025-01-26 19:51:54,116 Manufacturers Trail
301,Vagram,2025-01-15 11:08:30,45331 Brown Alley
302,Konklux,2024-10-04 16:18:27,505 Nevada Point
303,Regrant,2024-05-26 05:15:20,981 2nd Parkway
304,Matsoft,2024-06-11 14:58:00,7585 Holmberg Junction
305,Flowdesk,2024-12-09 22:40:13,13112 Gulseth Circle
306,Voyatouch,2025-02-04 07:29:51,91 5th Alley
307,Veribet,2024-08-29 13:38:17,37 Dawn Plaza
308,Viva,2024-09-23 05:35:59,974 Lyons Park
309,Span,2025-01-01 04:44:39,571 Old Shore Circle
310,Tempsoft,2024-04-27 03:27:57,06 Crowley Pass
311,Cardguard,2024-07-22 23:50:31,874 Coleman Alley
312,Tin,2024-12-14 11:56:12,4 Meadow Vale Junction
313,Lotlux,2024-11-20 17:07:54,13 Ramsey Parkway
314,Lotlux,2024-10-20 04:51:33,4059 Pearson Pass
315,Otcom,2024-05-28 02:23:56,178 Meadow Valley Lane
316,Zoolab,2024-04-09 06:11:20,021 Cherokee Trail
317,Transcof,2024-11-26 05:51:15,69 Westerfield Court
318,Gembucket,2024-12-15 10:47:05,5064 Westerfield Circle
319,Wrapsafe,2024-12-10 04:14:42,16 Vidon Drive
320,Alphazap,2025-02-09 05:33:53,68 Park Meadow Junction
321,Alpha,2024-08-20 19:52:27,4 Fordem Road
322,Cardify,2024-11-02 22:42:54,5571 Burning Wood Road
323,Quo Lux,2024-04-06 04:32:10,622 Monterey Street
324,Rank,2024-05-02 07:43:39,1137 Gerald Street
325,Transcof,2025-02-06 03:13:33,183 Anhalt Court
326,Daltfresh,2024-08-02 05:57:34,1803 Jenna Avenue
327,Biodex,2024-08-06 21:55:13,59668 Morningstar Lane
328,Y-Solowarm,2024-07-04 23:10:43,928 Bonner Place
329,Bitchip,2025-03-11 02:40:39,4583 Atwood Circle
330,Y-find,2024-05-30 03:05:56,9 Southridge Pass
331,Kanlam,2024-08-23 01:20:51,7 Village Green Terrace
332,Alphazap,2024-12-15 20:25:08,728 Derek Junction
333,Holdlamis,2024-12-09 02:59:40,70 Morningstar Court
334,Tampflex,2024-10-02 13:37:49,4981 Birchwood Point
335,Fixflex,2024-06-04 01:30:41,815 Trailsway Court
336,Zontrax,2024-12-11 18:42:12,904 Springs Alley
337,Stronghold,2025-03-12 17:15:41,8 Straubel Pass
338,Vagram,2024-10-08 07:05:17,77131 Westerfield Road
339,Latlux,2024-10-13 12:19:12,234 Hauk Lane
340,Tempsoft,2024-05-15 17:04:19,6 Chive Center
341,Tempsoft,2025-03-11 20:19:39,471 Muir Terrace
342,Viva,2025-03-10 01:53:08,44 Thackeray Plaza
343,Transcof,2024-04-17 15:01:26,0 Cardinal Parkway
344,Asoka,2024-08-14 21:00:52,42408 Petterle Street
345,Sonsing,2024-10-05 09:39:14,10447 Crowley Crossing
346,Ventosanzap,2025-01-24 10:49:49,050 Cardinal Way
347,Tempsoft,2024-10-19 20:50:14,99155 Green Avenue
348,Voltsillam,2024-06-21 18:41:00,42930 Gateway Plaza
349,Wrapsafe,2024-04-05 22:47:05,8 Chive Street
350,Bitchip,2025-03-28 17:23:10,210 Lotheville Drive
351,Zoolab,2025-03-01 02:59:36,4 Delladonna Hill
352,Span,2024-06-04 09:55:10,205 Nova Court
353,Ventosanzap,2024-08-09 13:25:51,9 Everett Avenue
354,Span,2024-09-09 01:43:04,88 North Lane
355,Opela,2024-06-30 08:05:32,279 Hayes Road
356,Zontrax,2024-12-16 00:55:55,3 Weeping Birch Parkway
357,Alpha,2024-12-07 16:57:40,770 Shasta Lane
358,Asoka,2024-10-17 01:52:43,20 Lukken Terrace
359,Pannier,2024-07-15 05:44:49,1 Dahle Plaza
360,Bitwolf,2025-01-13 07:11:09,047 Petterle Plaza
361,Tresom,2024-04-25 09:54:32,58630 Cambridge Center
362,Voltsillam,2024-11-24 13:40:41,8 Nevada Drive
363,Regrant,2024-10-22 23:17:39,12 Lawn Hill
364,Wrapsafe,2025-03-12 14:56:21,52 Kingsford Trail
365,Holdlamis,2024-11-17 15:29:25,2803 Killdeer Court
366,Cardify,2025-01-21 16:15:46,6 Nova Pass
367,Otcom,2024-08-10 03:06:05,8 Hansons Center
368,Job,2024-06-08 21:54:31,36463 Merrick Parkway
369,Andalax,2024-06-07 23:30:35,13596 Delaware Way
370,Bitchip,2025-02-21 20:22:28,6966 Sugar Place
371,Holdlamis,2024-10-06 08:06:23,2 6th Terrace
372,Veribet,2025-03-10 08:02:17,8452 Ramsey Avenue
373,Zamit,2025-01-01 13:18:09,56 Merrick Alley
374,Prodder,2024-11-29 07:35:21,93931 Bayside Lane
375,Tres-Zap,2024-10-06 21:34:32,7 Washington Hill
376,Zaam-Dox,2025-04-01 00:46:55,46683 Parkside Way
377,Zamit,2025-01-14 21:22:05,722 Fieldstone Court
378,Alpha,2024-05-28 18:31:35,5723 Goodland Alley
379,It,2025-03-05 10:22:12,4822 Onsgard Terrace
380,Job,2024-11-14 07:37:54,08381 Sutteridge Street
381,Aerified,2025-01-27 21:36:19,3 Stoughton Terrace
382,Y-Solowarm,2024-06-16 05:42:10,69978 Toban Road
383,Zoolab,2024-11-22 17:50:28,233 Sage Plaza
384,Otcom,2024-05-27 23:20:15,7070 Erie Hill
385,Y-find,2024-04-20 20:50:12,15 Bartelt Court
386,Matsoft,2024-11-16 18:13:24,2 Colorado Road
387,Home Ing,2024-11-29 22:35:08,9 Ilene Road
388,Wrapsafe,2024-09-02 03:06:04,31 Michigan Pass
389,Tresom,2024-07-15 10:22:15,153 Pierstorff Trail
390,Transcof,2024-10-16 17:18:00,68946 Southridge Drive
391,Daltfresh,2024-10-03 03:14:43,03042 Dakota Road
392,Zathin,2024-11-26 13:07:00,0411 Maple Wood Crossing
393,Solarbreeze,2025-01-01 07:13:47,63 John Wall Terrace
394,Veribet,2024-08-11 13:32:28,5 Mariners Cove Alley
395,Kanlam,2025-01-21 18:15:38,172 Union Point
396,Stringtough,2024-05-10 15:25:27,688 Corry Street
397,Stronghold,2024-11-22 21:12:03,481 Butterfield Street
398,Holdlamis,2024-10-04 06:56:14,346 Eggendart Place
399,Zoolab,2025-02-28 08:56:52,0470 Superior Court
400,Voyatouch,2024-08-16 09:50:33,1116 Londonderry Trail
401,Wrapsafe,2025-01-08 11:47:19,3 Oneill Alley
402,Mat Lam Tam,2024-07-24 21:47:44,15545 American Terrace
403,Lotstring,2024-11-07 17:43:49,52 Calypso Avenue
404,Opela,2024-05-06 12:44:55,8 Coleman Alley
405,Voltsillam,2024-11-01 10:37:01,9 Armistice Center
406,Stringtough,2024-10-12 17:22:34,124 Dorton Park
407,Regrant,2025-03-23 08:07:06,9708 Northfield Avenue
408,Pannier,2025-01-27 09:40:13,3 Garrison Avenue
409,Sub-Ex,2024-12-26 23:16:33,64 Rigney Lane
410,Asoka,2024-04-05 06:36:17,71208 Spaight Drive
411,Mat Lam Tam,2024-07-12 07:23:29,15430 Westerfield Point
412,Voyatouch,2024-08-03 05:22:09,786 Stephen Point
413,Otcom,2024-10-11 23:19:39,9816 Merry Road
414,Tresom,2024-08-11 13:11:21,378 Manley Drive
415,Ventosanzap,2024-06-03 17:18:17,42187 Moose Way
416,Voltsillam,2024-06-17 15:04:07,1 Waxwing Trail
417,Voltsillam,2024-09-08 20:57:32,61 Ryan Parkway
418,Zoolab,2025-01-21 08:50:36,37326 Corry Plaza
419,Duobam,2024-10-10 12:57:48,774 Fairview Lane
420,Home Ing,2024-05-16 09:45:07,37 Lindbergh Road
421,Vagram,2024-09-05 03:14:55,2148 North Parkway
422,Voyatouch,2024-04-26 03:11:22,932 Drewry Park
423,Sonsing,2024-08-24 11:16:20,82230 Thompson Court
424,Cardguard,2024-05-09 08:29:20,1 Springview Place
425,Stringtough,2024-12-27 17:34:54,5 Debra Plaza
426,Span,2024-04-11 01:27:33,358 Golf View Pass
427,Fixflex,2024-06-01 04:22:13,426 Lunder Park
428,Regrant,2024-05-25 08:01:54,70 Gulseth Park
429,Redhold,2024-06-16 13:02:24,42 Oneill Plaza
430,Bytecard,2024-04-29 19:52:36,10 Hansons Alley
431,Subin,2024-06-01 06:06:54,09 Rockefeller Road
432,Mat Lam Tam,2024-07-28 18:04:58,5758 Eggendart Center
433,Bytecard,2024-05-09 16:59:11,0 Montana Circle
434,Regrant,2024-04-08 16:22:38,02364 Arkansas Alley
435,Toughjoyfax,2024-04-24 00:08:50,4975 Ridge Oak Pass
436,Prodder,2025-01-20 22:28:32,483 Randy Road
437,Redhold,2024-10-11 10:15:51,72734 Buhler Terrace
438,Fixflex,2024-05-16 05:30:25,13618 Chive Alley
439,Vagram,2024-06-14 19:00:28,2822 Merchant Trail
440,Keylex,2024-08-22 14:12:17,9210 Linden Hill
441,Vagram,2024-04-17 08:33:10,48 Rieder Park
442,Wrapsafe,2024-08-06 21:26:43,30 Norway Maple Plaza
443,Home Ing,2025-01-14 18:54:02,51 Bellgrove Hill
444,Stronghold,2024-07-11 08:50:04,96646 Wayridge Terrace
445,Konklab,2025-01-28 22:58:05,50 Clyde Gallagher Crossing
446,Home Ing,2024-08-29 12:29:51,3436 Goodland Lane
447,Greenlam,2024-06-08 01:37:47,2305 High Crossing Circle
448,Bytecard,2025-03-09 06:02:31,7 Gina Center
449,Aerified,2024-05-18 02:08:08,597 Colorado Hill
450,Stringtough,2024-05-31 09:35:38,12 Tennessee Center
451,Voltsillam,2024-04-28 17:14:50,8410 Cody Hill
452,Stim,2024-09-04 09:52:14,71088 Kipling Road
453,Lotstring,2024-07-29 23:43:06,99 Eagan Park
454,Duobam,2024-12-20 14:00:31,6 Grover Way
455,Biodex,2024-12-03 03:03:42,86316 Hoepker Drive
456,Domainer,2025-02-13 18:57:19,03 Blue Bill Park Road
457,Keylex,2024-08-21 11:27:46,0 Troy Terrace
458,Prodder,2025-01-31 05:53:11,5389 Colorado Pass
459,Ventosanzap,2024-11-29 06:43:48,9177 8th Lane
460,Span,2024-06-25 02:44:04,5835 Johnson Court
461,Stronghold,2025-01-27 20:30:10,07 Harbort Hill
462,Fix San,2024-04-04 01:30:15,6137 Di Loreto Drive
463,Voyatouch,2024-10-26 13:17:42,57 Texas Pass
464,Ventosanzap,2024-08-16 10:45:39,3179 Pawling Pass
465,Greenlam,2024-11-26 05:00:03,4070 Farwell Park
466,Stronghold,2024-10-30 12:16:57,70 Mayfield Court
467,Flexidy,2024-08-24 06:41:00,5 Golf Course Terrace
468,Stronghold,2025-03-23 23:34:01,355 Crescent Oaks Parkway
469,Andalax,2025-01-20 06:50:10,5 Thompson Avenue
470,Greenlam,2024-08-19 22:41:42,19 Sunfield Place
471,Daltfresh,2024-07-17 18:36:19,26461 Huxley Hill
472,Veribet,2025-03-01 14:25:36,7 Delladonna Circle
473,Opela,2024-04-15 14:55:21,84 Barnett Lane
474,Asoka,2025-03-10 01:01:40,42155 Waubesa Circle
475,Greenlam,2024-08-04 23:24:43,56937 Kensington Junction
476,Otcom,2025-02-04 10:24:58,7 Bowman Junction
477,Toughjoyfax,2024-05-24 08:02:55,9809 Farwell Point
478,Stim,2025-02-22 05:08:38,9337 Buell Court
479,Asoka,2024-07-10 23:03:09,17675 Anniversary Point
480,Duobam,2024-08-17 05:12:16,085 Ridgeview Plaza
481,Wrapsafe,2024-10-13 21:44:21,7 Derek Hill
482,Cardify,2024-06-19 07:50:09,5572 Pierstorff Street
483,Bamity,2024-06-02 05:29:02,59 Maryland Lane
484,Daltfresh,2024-05-13 14:20:56,11 Warner Parkway
485,Redhold,2024-04-24 16:44:16,678 Browning Parkway
486,Biodex,2024-12-14 16:54:18,768 Mayer Parkway
487,Konklab,2024-05-24 19:31:02,95 Cardinal Circle
488,Bitchip,2025-01-20 19:05:19,24 Bellgrove Court
489,Aerified,2024-08-25 01:55:51,49463 Schlimgen Place
490,Kanlam,2024-05-29 19:01:45,721 Hollow Ridge Trail
491,Quo Lux,2024-07-04 11:56:08,49195 Paget Lane
492,Bamity,2024-10-20 16:12:11,45 Blackbird Point
493,Span,2024-05-20 16:41:33,18198 Cordelia Pass
494,Home Ing,2024-09-09 22:12:23,2 Waywood Plaza
495,Domainer,2025-02-13 23:36:00,501 Gina Drive
496,Daltfresh,2025-01-18 13:29:32,4337 Montana Alley
497,Lotstring,2025-02-01 19:27:57,44 Northwestern Drive
498,Bytecard,2024-09-28 13:40:27,8550 Little Fleur Terrace
499,Stronghold,2024-11-07 01:47:01,2 Forster Road
500,Cardguard,2024-11-28 08:40:37,66955 Dorton Center
501,Subin,2024-06-28 09:45:04,43790 Calypso Terrace
502,Stronghold,2024-12-08 04:07:47,663 Mendota Center
503,Stringtough,2024-06-20 07:15:12,553 Barby Alley
504,Quo Lux,2024-12-28 08:18:39,83092 Merrick Avenue
505,Aerified,2025-01-01 14:20:57,9 Maryland Way
506,Greenlam,2024-12-10 17:51:21,6133 Grim Junction
507,Kanlam,2024-10-26 23:46:52,501 Lerdahl Street
508,Bitchip,2025-03-17 02:05:22,96828 West Trail
509,Ronstring,2025-01-24 08:22:33,77 Onsgard Center
510,Asoka,2024-09-09 22:33:04,8817 Cottonwood Place
511,Zontrax,2025-03-10 19:59:14,43426 Merrick Drive
512,Subin,2024-07-12 11:39:17,388 East Lane
513,Home Ing,2024-09-30 12:19:41,80 Fuller Court
514,Toughjoyfax,2024-04-29 21:40:55,13762 South Plaza
515,Veribet,2025-01-09 21:04:17,85496 Manley Way
516,Andalax,2024-04-25 11:30:02,0 Macpherson Parkway
517,Y-find,2024-11-27 05:25:38,4514 Hanson Parkway
518,Keylex,2025-01-28 04:55:44,88 Bowman Point
519,Viva,2025-01-24 00:55:43,153 Goodland Parkway
520,Zaam-Dox,2024-04-09 04:02:05,94168 Hoffman Place
521,Voyatouch,2024-08-05 17:44:09,34 Summer Ridge Avenue
522,Andalax,2024-08-04 02:33:00,1 Monument Drive
523,Prodder,2024-10-16 03:19:02,15435 Buell Trail
524,Ronstring,2024-06-19 19:58:27,050 Karstens Plaza
525,Opela,2025-02-23 21:52:26,1 Brickson Park Circle
526,Veribet,2024-08-31 21:05:48,3 Meadow Vale Way
527,Fix San,2025-02-10 02:07:30,92394 Monica Avenue
528,Stim,2025-01-16 02:21:57,323 Pleasure Junction
529,Cardguard,2024-11-02 21:50:18,9977 Southridge Terrace
530,Rank,2025-02-24 10:00:44,02458 Meadow Vale Street
531,Daltfresh,2024-10-22 07:55:33,48 Dixon Center
532,Bitwolf,2025-01-31 04:32:28,56371 Ilene Street
533,Fintone,2025-02-08 05:58:35,648 Arrowood Trail
534,Solarbreeze,2024-09-29 09:48:49,957 Raven Alley
535,Biodex,2025-02-08 15:39:37,26 Bellgrove Junction
536,Prodder,2024-06-20 10:43:45,089 Spohn Plaza
537,Tresom,2024-07-25 04:45:07,55545 Del Sol Alley
538,Zaam-Dox,2024-07-23 07:00:27,2857 Bartelt Pass
539,Solarbreeze,2024-11-15 00:25:57,086 Spenser Avenue
540,Zathin,2024-06-12 16:48:30,9 Farwell Court
541,Opela,2024-12-23 19:30:24,519 Golf Avenue
542,Otcom,2024-06-09 15:23:23,91968 Rockefeller Hill
543,Kanlam,2024-06-02 06:38:14,6 Fisk Trail
544,Voltsillam,2024-11-10 23:20:58,818 Saint Paul Pass
545,Flexidy,2024-06-29 17:20:11,72 Utah Trail
546,Pannier,2025-03-28 19:38:42,1742 Sommers Hill
547,Toughjoyfax,2024-07-04 00:24:15,1420 Jay Place
548,Regrant,2024-11-02 17:37:50,65 Northland Avenue
549,Toughjoyfax,2024-04-29 22:23:23,3170 Talisman Drive
550,Subin,2025-01-17 14:35:45,96260 Gale Way
551,Transcof,2024-12-23 00:34:50,5619 Golden Leaf Park
552,Zathin,2025-02-02 20:38:57,6197 Eggendart Place
553,Span,2024-11-02 19:20:09,845 Kingsford Road
554,Sonair,2024-09-13 18:27:11,534 Banding Plaza
555,Opela,2025-01-17 22:41:15,3 Doe Crossing Hill
556,Transcof,2024-11-02 12:10:03,33599 Weeping Birch Alley
557,Mat Lam Tam,2024-11-15 02:55:59,093 Red Cloud Circle
558,Quo Lux,2025-01-24 15:49:32,125 La Follette Way
559,Latlux,2025-01-30 02:42:00,407 Eggendart Pass
560,Zathin,2024-10-24 02:57:50,3 Nevada Place
561,Veribet,2025-01-28 13:25:52,12735 Knutson Court
562,Bamity,2024-07-27 06:45:14,379 Toban Circle
563,Duobam,2024-09-14 04:32:05,7 Packers Circle
564,Duobam,2024-07-26 22:36:03,896 Goodland Pass
565,Otcom,2025-02-23 23:14:06,22 Dahle Circle
566,Asoka,2025-01-18 04:00:45,4 Annamark Drive
567,Asoka,2025-03-22 07:57:08,914 Beilfuss Trail
568,Sonsing,2025-01-11 17:46:21,81199 Dahle Crossing
569,Flowdesk,2024-08-12 04:38:19,1031 Boyd Parkway
570,Cookley,2025-03-31 16:50:33,09 Jenna Street
571,Vagram,2025-01-12 09:10:32,0036 Nevada Circle
572,Vagram,2024-05-01 09:37:25,8 Swallow Trail
573,Bamity,2025-02-07 11:56:24,916 Pawling Terrace
574,Flowdesk,2025-01-29 11:38:51,7 Rieder Plaza
575,Tres-Zap,2024-07-26 05:32:46,3692 Kingsford Parkway
576,Voltsillam,2024-04-29 08:35:50,28609 Sage Alley
577,Cardguard,2024-11-06 15:17:22,2028 Mariners Cove Park
578,Rank,2024-09-12 07:24:38,91200 Almo Junction
579,Trippledex,2025-03-13 00:59:16,50613 Harbort Terrace
580,Home Ing,2024-04-07 15:59:45,43 East Avenue
581,Kanlam,2024-08-20 08:52:57,571 Merchant Circle
582,Voyatouch,2024-09-16 00:38:55,94 Blue Bill Park Center
583,Tresom,2024-06-07 12:21:33,92301 Vidon Parkway
584,Hatity,2025-02-26 04:39:12,0 Carpenter Drive
585,Konklab,2024-10-23 16:16:04,48 Garrison Point
586,Overhold,2024-10-03 14:24:11,491 Killdeer Street
587,Stim,2025-03-15 16:46:09,11 Moose Road
588,Tempsoft,2024-05-11 11:20:24,85742 Helena Pass
589,Matsoft,2024-08-24 13:53:35,82 Blackbird Lane
590,Stim,2024-05-22 09:14:40,63 Steensland Lane
591,Greenlam,2025-03-06 13:00:00,614 Luster Park
592,Voltsillam,2025-03-03 18:32:42,48789 Dixon Alley
593,Toughjoyfax,2025-01-10 07:48:31,7 Quincy Avenue
594,Flexidy,2024-10-10 08:26:57,9229 Sherman Parkway
595,Duobam,2025-02-24 05:09:30,3 Blackbird Park
596,Duobam,2024-10-23 05:58:35,32416 Anzinger Road
597,Domainer,2024-07-25 08:06:27,0 Montana Street
598,Namfix,2025-01-20 03:32:51,9 Main Lane
599,Alpha,2024-12-12 12:02:28,96249 Kenwood Place
600,Latlux,2024-07-16 03:27:24,002 Mosinee Drive
601,Mat Lam Tam,2024-08-15 20:19:52,8 Meadow Vale Street
602,Job,2024-09-28 09:26:46,859 Granby Trail
603,Cardguard,2024-10-19 09:05:57,955 Burrows Junction
604,Mat Lam Tam,2025-01-11 00:52:27,4401 Schurz Lane
605,Viva,2024-09-15 00:57:57,07585 Wayridge Alley
606,Bigtax,2024-06-14 16:11:01,31 3rd Crossing
607,Holdlamis,2024-11-28 22:38:23,7461 Scoville Place
608,Biodex,2024-06-05 00:45:23,223 Jay Terrace
609,Stim,2024-10-25 06:05:49,4582 Reindahl Alley
610,Otcom,2025-02-19 18:44:11,83 Briar Crest Pass
611,Tin,2024-08-17 12:02:08,959 Roth Pass
612,Zoolab,2024-04-09 02:52:27,2346 Mcguire Terrace
613,Overhold,2024-04-21 21:22:49,32549 Michigan Point
614,Sonair,2024-08-22 21:02:16,997 Pankratz Circle
615,Solarbreeze,2024-04-04 00:26:36,298 Milwaukee Circle
616,Y-Solowarm,2025-02-21 07:34:24,63583 Hovde Parkway
617,Namfix,2025-03-07 12:05:12,532 Twin Pines Place
618,Gembucket,2025-03-08 09:45:55,8666 Reinke Place
619,Treeflex,2024-12-17 18:23:44,3 Saint Paul Circle
620,Zoolab,2024-11-16 10:14:04,0565 Golden Leaf Terrace
621,Y-find,2024-08-26 22:48:45,71 Walton Parkway
622,Stim,2024-06-30 00:58:13,624 North Park
623,Fintone,2024-10-16 11:11:43,508 Huxley Parkway
624,Tempsoft,2025-03-18 15:15:07,2 Hagan Road
625,Solarbreeze,2024-12-13 06:22:46,47884 Almo Circle
626,Lotstring,2024-12-03 02:55:40,1393 Carey Pass
627,Quo Lux,2024-04-04 14:44:13,99868 Judy Trail
628,Bigtax,2024-09-26 03:28:07,8519 Londonderry Lane
629,Tin,2025-03-23 08:04:58,3485 Haas Street
630,Solarbreeze,2024-08-11 07:33:20,565 Calypso Trail
631,Bitwolf,2024-08-25 03:04:55,3078 Union Trail
632,Viva,2024-04-04 02:56:25,5 Fairfield Alley
633,Voyatouch,2024-04-07 21:13:48,51883 Stuart Junction
634,Zontrax,2025-03-17 09:42:28,8 Amoth Hill
635,Tin,2024-05-27 09:58:38,31152 Basil Lane
636,Bitwolf,2024-06-29 17:11:33,589 Weeping Birch Pass
637,Span,2025-03-25 22:15:35,350 Tony Plaza
638,Bytecard,2024-08-28 23:58:00,3506 Lakewood Gardens Junction
639,Flexidy,2024-08-14 03:31:05,9 Talmadge Place
640,Rank,2024-07-25 06:07:03,6591 Laurel Point
641,Bitwolf,2024-07-09 23:22:08,0 Esch Alley
642,Viva,2024-08-09 13:46:53,76 Fisk Crossing
643,Aerified,2024-12-06 21:47:43,7903 Spaight Point
644,Flexidy,2024-05-08 08:51:14,33070 American Ash Pass
645,Sub-Ex,2024-05-16 22:25:27,59308 Tennessee Court
646,Domainer,2024-06-09 10:39:27,20201 Elka Drive
647,Alpha,2025-03-28 23:48:59,4027 Fisk Avenue
648,Flexidy,2024-06-10 00:05:10,98022 Hoffman Crossing
649,Overhold,2024-07-08 00:07:19,15242 Hoepker Drive
650,Konklux,2024-10-30 05:04:11,9 Nancy Crossing
651,Alphazap,2024-07-16 01:21:13,075 Susan Lane
652,Sonsing,2024-05-01 08:01:13,28042 Drewry Drive
653,Cookley,2024-07-03 02:35:24,0 Fairfield Drive
654,Andalax,2025-02-22 09:14:36,46225 Sunnyside Drive
655,Fintone,2025-02-27 23:37:53,006 Killdeer Avenue
656,Veribet,2024-10-10 15:23:59,290 Donald Center
657,Bitwolf,2024-09-30 23:15:41,6273 2nd Plaza
658,Bigtax,2024-12-04 06:32:34,2 Holy Cross Way
659,Flowdesk,2024-10-20 07:00:57,891 Katie Lane
660,Bitchip,2024-09-17 03:42:44,23 Waubesa Way
661,Veribet,2024-09-07 03:19:45,330 Eastwood Road
662,Zamit,2024-05-27 13:33:00,6006 Shelley Road
663,Zoolab,2024-11-19 01:52:39,9964 Laurel Hill
664,Tempsoft,2024-07-09 08:03:26,916 Garrison Terrace
665,Kanlam,2024-06-11 19:45:06,48980 Esch Junction
666,Viva,2024-05-19 17:38:40,22926 Hintze Way
667,Opela,2024-07-19 00:10:34,36448 Hoard Lane
668,Gembucket,2024-10-26 07:50:23,7 Amoth Avenue
669,Flowdesk,2024-05-11 21:36:31,444 Morrow Avenue
670,Job,2024-12-18 00:30:46,8915 Vera Hill
671,Cardguard,2024-07-17 21:16:39,20549 Bunting Pass
672,Gembucket,2024-11-13 18:41:17,1514 Golden Leaf Court
673,Alphazap,2024-07-05 19:47:19,7118 Welch Way
674,Daltfresh,2024-08-31 12:34:29,617 Continental Hill
675,Konklab,2025-03-26 19:02:20,869 John Wall Park
676,Mat Lam Tam,2024-06-29 04:18:58,4 Eagan Junction
677,Gembucket,2024-10-29 20:36:28,1 Granby Drive
678,Bytecard,2024-12-12 10:46:50,5447 Graceland Alley
679,Andalax,2024-08-31 19:14:46,11740 Ronald Regan Road
680,Tin,2025-01-04 07:49:54,09 Havey Drive
681,Zathin,2024-09-22 01:24:55,62440 Tony Alley
682,Y-find,2024-07-24 18:13:08,7928 Ramsey Parkway
683,Opela,2024-08-16 20:53:06,1 Melrose Point
684,Transcof,2024-10-08 19:31:50,68 Porter Hill
685,Stim,2024-04-11 00:05:55,2469 Brentwood Parkway
686,Zoolab,2024-05-31 22:33:04,19071 Jay Point
687,Mat Lam Tam,2025-02-23 10:03:18,084 Sullivan Hill
688,Lotlux,2024-08-05 06:47:32,3 Ramsey Trail
689,Stim,2025-01-05 14:42:43,322 Sundown Circle
690,Tampflex,2025-01-22 13:04:51,6404 Blue Bill Park Way
691,Flowdesk,2024-12-10 22:12:15,468 South Junction
692,Pannier,2024-04-19 13:46:03,6 Loeprich Street
693,Duobam,2024-08-30 04:14:54,12980 Oak Park
694,Konklux,2024-10-02 14:24:08,87268 Hudson Crossing
695,Span,2024-10-15 00:05:07,968 Orin Road
696,Zontrax,2024-11-04 07:39:12,27685 Arkansas Alley
697,Tampflex,2024-10-28 23:21:24,0446 Emmet Point
698,Transcof,2024-12-27 22:50:38,6592 Scoville Terrace
699,Trippledex,2024-05-13 08:21:05,609 Rockefeller Junction
700,Asoka,2024-08-13 06:09:26,6013 La Follette Pass
701,Cookley,2024-07-14 10:28:49,5 Ridge Oak Pass
702,Cardify,2024-11-21 08:14:43,630 Cascade Road
703,It,2025-02-26 19:04:55,3116 Di Loreto Point
704,Stronghold,2024-10-29 23:42:56,096 Golf View Alley
705,Y-find,2024-10-24 14:01:56,23 Butternut Avenue
706,Asoka,2024-10-21 15:32:31,3 Prairieview Lane
707,Kanlam,2024-10-01 09:24:01,0 Erie Center
708,Zontrax,2024-04-25 11:54:38,82245 Jana Avenue
709,Daltfresh,2024-12-16 14:36:14,6 Golf View Circle
710,Sonair,2024-09-09 00:16:26,9232 Lindbergh Junction
711,Konklux,2024-11-24 11:47:18,87780 Forest Dale Junction
712,Rank,2024-12-01 20:17:49,49290 Scott Road
713,Stringtough,2025-01-11 18:45:26,51 Vermont Terrace
714,Zoolab,2024-04-14 06:27:24,4 Namekagon Trail
715,Domainer,2024-09-17 11:17:40,67069 Johnson Plaza
716,Subin,2024-06-13 09:23:08,632 Debs Alley
717,Asoka,2024-05-29 18:43:17,3532 Wayridge Crossing
718,Subin,2024-08-02 11:52:14,1030 Hayes Road
719,Alphazap,2025-03-07 22:59:05,3 Becker Hill
720,Bamity,2024-11-11 19:54:30,5306 Oakridge Road
721,Zoolab,2024-09-09 04:12:01,898 Charing Cross Way
722,Fixflex,2024-04-07 05:28:05,6 Melby Plaza
723,Vagram,2025-03-31 07:28:07,0260 Lake View Parkway
724,Prodder,2024-07-28 17:54:04,34 Mcbride Lane
725,Andalax,2024-04-27 14:44:48,5359 Northport Park
726,Voyatouch,2024-06-14 12:30:56,67 Blaine Court
727,Zathin,2024-12-14 12:00:30,401 Londonderry Street
728,Tempsoft,2024-12-06 06:00:26,5 Di Loreto Alley
729,Kanlam,2024-05-05 20:29:59,35445 Summerview Court
730,Quo Lux,2024-05-04 22:08:45,2 Manitowish Plaza
731,Treeflex,2024-10-25 03:19:53,787 Village Green Terrace
732,Veribet,2025-02-23 20:14:34,9932 Nelson Street
733,Prodder,2025-01-24 14:05:09,4 Northwestern Junction
734,Trippledex,2024-08-11 20:10:45,97 Laurel Center
735,Voyatouch,2025-02-09 06:30:54,3 Mcbride Court
736,Stringtough,2024-10-20 19:05:06,083 Orin Way
737,Bitchip,2024-12-30 05:56:57,446 Acker Way
738,Gembucket,2025-02-08 11:00:25,44 Huxley Lane
739,Voltsillam,2024-11-26 16:07:39,585 Montana Street
740,Redhold,2024-08-21 21:07:01,8 Sundown Circle
741,Holdlamis,2024-11-30 03:29:54,0575 Gina Way
742,Tempsoft,2024-11-06 21:00:46,14956 Coleman Place
743,Gembucket,2025-02-17 10:58:33,97 Debs Road
744,Trippledex,2024-06-14 01:12:26,5439 Washington Road
745,Subin,2024-10-17 05:53:03,64 East Plaza
746,Flexidy,2024-12-07 11:01:30,53 Hoepker Park
747,Sub-Ex,2024-08-11 19:04:49,6 Susan Crossing
748,Gembucket,2024-07-11 07:21:45,23006 Coolidge Drive
749,Prodder,2024-06-04 15:24:41,516 Anniversary Circle
750,Fixflex,2025-01-17 08:06:22,8267 Summer Ridge Lane
751,Vagram,2025-03-10 04:31:02,256 Atwood Road
752,Y-Solowarm,2024-10-08 21:51:46,42 Monument Trail
753,Opela,2024-09-09 04:30:35,0134 Upham Parkway
754,Tempsoft,2024-10-22 18:14:10,5 Grasskamp Point
755,Vagram,2024-05-11 06:57:13,323 New Castle Place
756,Tres-Zap,2024-04-07 04:52:17,0 Arkansas Center
757,Fix San,2024-10-27 02:54:39,432 Eliot Road
758,Holdlamis,2025-01-29 02:44:11,4 Dakota Drive
759,Greenlam,2024-09-13 05:09:31,465 Bayside Parkway
760,Otcom,2024-12-06 03:41:38,085 Oak Valley Way
761,Bigtax,2025-03-24 04:28:55,89 Arizona Junction
762,Quo Lux,2024-09-18 20:12:28,290 Gale Terrace
763,Voltsillam,2024-12-11 08:51:31,221 Dunning Trail
764,Bitchip,2025-02-26 23:59:04,63661 Trailsway Crossing
765,Pannier,2024-11-06 05:19:12,9 Troy Point
766,Transcof,2025-01-28 21:44:26,626 Lake View Pass
767,Voltsillam,2025-01-18 00:14:31,8430 Portage Trail
768,Veribet,2024-06-11 15:18:52,560 Pine View Drive
769,Stim,2024-10-31 21:17:40,8060 Stephen Point
770,Y-find,2024-08-23 21:03:39,54 Northport Point
771,Kanlam,2024-10-12 23:20:15,84170 Butterfield Avenue
772,Tresom,2024-10-31 20:44:18,473 Blaine Street
773,Bytecard,2025-01-13 22:02:12,494 Elka Trail
774,Alpha,2025-03-11 00:53:32,65624 Dryden Court
775,Flexidy,2025-01-31 22:06:57,072 Hermina Point
776,Wrapsafe,2024-07-17 02:18:12,8 Farmco Place
777,Hatity,2024-10-17 02:44:10,56361 Mccormick Street
778,Pannier,2025-01-08 02:52:23,86576 Morning Pass
779,Zoolab,2024-12-21 20:02:16,00 Rigney Drive
780,Sub-Ex,2024-05-31 16:14:48,03 Moulton Lane
781,Kanlam,2025-03-28 17:18:42,173 Boyd Crossing
782,Treeflex,2024-09-21 20:28:11,1 Cardinal Trail
783,Cardify,2025-03-17 04:22:29,106 Buena Vista Road
784,Bitwolf,2025-03-29 14:37:38,6656 Petterle Place
785,Domainer,2024-10-04 09:44:23,6 Hauk Terrace
786,Overhold,2024-05-03 10:21:22,188 Upham Point
787,Holdlamis,2024-05-31 23:11:33,9 Vernon Crossing
788,Vagram,2024-04-07 20:59:48,3330 Kennedy Center
789,Veribet,2024-11-14 20:08:41,2259 3rd Alley
790,Gembucket,2024-12-19 23:37:25,866 Hermina Drive
791,Mat Lam Tam,2024-04-10 03:55:42,77663 Sage Road
792,Toughjoyfax,2024-05-01 04:03:06,00918 Forest Run Circle
793,Fix San,2024-06-19 23:13:15,63 Hazelcrest Junction
794,Bamity,2024-12-26 20:16:55,061 Northwestern Trail
795,Veribet,2024-05-12 20:32:59,96 Tomscot Trail
796,Greenlam,2024-09-30 06:51:42,6 Mendota Street
797,Regrant,2024-12-18 02:46:46,22374 Raven Park
798,Andalax,2024-10-01 21:57:05,2 Katie Avenue
799,Alpha,2024-05-09 21:04:07,385 Novick Center
800,Home Ing,2024-05-22 06:19:31,6 Nelson Hill
801,Veribet,2025-03-02 14:16:19,8282 Eastwood Terrace
802,Konklab,2024-10-04 10:36:39,93853 Lukken Avenue
803,Bitchip,2024-06-03 03:39:32,9715 Steensland Park
804,Cookley,2024-05-07 10:00:05,712 Weeping Birch Center
805,Tresom,2024-12-01 00:32:00,97 Mariners Cove Center
806,Flowdesk,2024-05-09 17:27:47,9 Declaration Avenue
807,Mat Lam Tam,2024-12-04 18:15:12,1 Clove Plaza
808,Cardify,2024-11-23 22:11:44,714 Moland Plaza
809,Flowdesk,2024-05-31 07:00:01,0 Ludington Way
810,Temp,2025-01-21 10:13:38,70292 Myrtle Trail
811,Flowdesk,2024-09-26 10:10:47,310 Pepper Wood Road
812,Zaam-Dox,2024-06-12 02:46:07,70904 Mifflin Avenue
813,Daltfresh,2024-08-28 08:13:01,0174 Vera Crossing
814,Opela,2024-07-19 02:08:10,68177 3rd Parkway
815,Bitwolf,2024-11-28 10:30:38,8 Golf Lane
816,It,2024-06-10 09:09:24,60219 Morrow Parkway
817,Namfix,2024-08-28 22:26:49,3073 Kim Junction
818,Opela,2024-06-29 22:59:12,4351 Grasskamp Point
819,Mat Lam Tam,2024-11-04 08:26:05,07 Superior Terrace
820,Temp,2024-08-26 06:51:42,858 Dexter Drive
821,Zontrax,2024-09-09 21:06:48,0 Little Fleur Park
822,Alpha,2024-05-02 17:51:28,2 Dakota Terrace
823,Fix San,2024-11-09 03:46:21,2035 Jay Point
824,Flexidy,2025-01-28 10:58:29,0 Autumn Leaf Circle
825,Fintone,2024-06-11 15:27:29,473 Lindbergh Plaza
826,Rank,2024-08-30 14:23:59,6 Dawn Park
827,Wrapsafe,2024-04-24 04:27:15,590 Loomis Street
828,Flexidy,2024-09-23 10:50:25,6810 Northland Place
829,Temp,2024-09-04 22:23:45,407 American Ash Center
830,Zathin,2024-05-19 03:07:43,21189 Manufacturers Way
831,It,2024-12-08 08:54:47,0241 Parkside Circle
832,Span,2024-11-06 07:08:50,51 Fairview Terrace
833,Zathin,2024-10-22 11:35:10,544 Katie Point
834,Prodder,2024-04-15 23:01:56,0 Iowa Circle
835,Wrapsafe,2024-04-25 07:54:37,4475 Vahlen Hill
836,Stronghold,2025-01-01 21:40:57,22 Larry Center
837,Bitwolf,2024-04-30 10:34:39,9 Lakeland Pass
838,Fintone,2025-02-14 11:43:19,7133 Erie Circle
839,Zaam-Dox,2024-12-30 22:39:15,29495 Heath Way
840,Stronghold,2024-06-13 10:57:42,282 Glacier Hill Way
841,Andalax,2024-09-05 15:44:03,0 Thompson Street
842,Fix San,2024-07-12 09:08:15,8 Colorado Way
843,Duobam,2025-03-29 05:37:20,908 Ridgeway Junction
844,Quo Lux,2024-10-27 01:09:57,4865 Thierer Alley
845,Andalax,2024-10-09 20:42:12,2173 Marcy Trail
846,Voltsillam,2025-01-13 19:16:47,07556 Scott Lane
847,Trippledex,2025-02-16 15:10:01,5502 Iowa Street
848,Sub-Ex,2024-06-12 18:04:20,34 Sachtjen Parkway
849,Subin,2024-12-23 21:53:53,42466 Cottonwood Avenue
850,Bamity,2024-12-04 22:31:07,9 Service Parkway
851,Konklab,2025-01-07 21:29:08,0 Saint Paul Parkway
852,Y-Solowarm,2024-04-03 06:15:46,394 Hoepker Circle
853,Bytecard,2024-07-20 05:45:59,36 Green Court
854,Opela,2024-12-06 13:06:19,05849 Leroy Point
855,Fix San,2024-08-15 16:55:27,69 Ridgeway Pass
856,Cookley,2025-01-22 13:55:10,48704 Cherokee Way
857,Y-find,2024-05-08 21:52:29,629 Dayton Place
858,Gembucket,2024-10-09 01:39:50,1 1st Street
859,Sub-Ex,2024-09-04 20:51:53,30098 Pepper Wood Crossing
860,Opela,2024-04-12 07:22:06,13 Brentwood Pass
861,Cardify,2024-09-14 18:40:22,481 Merrick Avenue
862,Trippledex,2024-08-29 11:15:20,968 Crowley Park
863,Pannier,2024-11-29 07:22:19,5435 Cordelia Plaza
864,Tin,2024-09-16 08:23:43,7158 Scofield Circle
865,Transcof,2024-07-13 11:36:57,57 Red Cloud Junction
866,Y-find,2024-08-19 21:50:17,12551 Claremont Alley
867,Redhold,2024-08-19 01:26:25,50183 Stephen Plaza
868,Kanlam,2025-01-22 07:20:26,0 Schlimgen Pass
869,Zathin,2024-10-21 00:23:42,4 Dottie Way
870,Job,2024-09-20 17:32:27,6 Manufacturers Street
871,Andalax,2024-06-11 10:23:50,80608 Dryden Drive
872,Transcof,2024-05-06 13:12:31,9340 Redwing Hill
873,Keylex,2024-05-03 18:00:52,5489 David Plaza
874,Treeflex,2024-04-15 01:09:03,95 Hanson Lane
875,Flowdesk,2024-12-24 12:32:30,9800 Lyons Crossing
876,Zaam-Dox,2024-07-04 12:09:25,061 Dottie Circle
877,Wrapsafe,2024-11-12 06:45:07,687 Mayer Alley
878,Flowdesk,2024-06-30 04:59:48,58984 Toban Alley
879,Subin,2024-08-21 16:51:42,816 Messerschmidt Circle
880,Tin,2025-01-18 22:25:27,211 Clyde Gallagher Way
881,Kanlam,2024-11-25 23:17:15,42 Monterey Hill
882,Bamity,2024-10-02 08:28:22,36 Morrow Alley
883,Viva,2024-09-05 22:47:38,534 Paget Street
884,Solarbreeze,2025-02-13 17:05:26,69 Meadow Vale Plaza
885,Y-Solowarm,2024-11-12 20:42:53,9032 Donald Circle
886,Toughjoyfax,2024-07-27 15:57:14,7 Kipling Drive
887,Kanlam,2024-09-17 03:13:45,58 Mitchell Parkway
888,Otcom,2024-04-15 23:08:33,4 Barby Plaza
889,Bitchip,2024-05-26 20:27:40,0473 Arkansas Parkway
890,Andalax,2024-08-21 18:36:45,5266 Ramsey Terrace
891,Stim,2024-08-04 00:34:20,75751 Nevada Street
892,Vagram,2024-08-15 07:48:11,749 Canary Hill
893,Mat Lam Tam,2024-11-03 20:54:51,1 Weeping Birch Center
894,Sonsing,2024-12-31 16:15:08,3326 Mcbride Pass
895,Konklux,2024-08-26 12:05:32,3529 Comanche Pass
896,Tres-Zap,2024-07-09 16:02:54,234 Dennis Circle
897,Quo Lux,2024-05-30 20:22:27,05523 Randy Trail
898,Prodder,2024-12-05 12:29:56,8 Hoard Park
899,Span,2024-08-29 21:11:19,5 Knutson Terrace
900,Kanlam,2024-04-25 05:50:16,2538 Nova Pass
901,Regrant,2025-03-29 02:04:47,85 Merrick Park
902,Pannier,2024-04-18 18:42:48,360 Warrior Center
903,Alpha,2024-12-22 16:48:18,146 Hanover Court
904,Bamity,2024-11-08 06:44:44,9 Lyons Way
905,Fix San,2024-05-05 10:31:49,8145 Redwing Park
906,Fixflex,2025-01-21 22:29:14,13 Messerschmidt Terrace
907,Opela,2024-08-31 19:33:28,337 Buell Circle
908,Zamit,2025-02-19 16:58:21,06662 Hanover Junction
909,Bitchip,2024-12-19 21:54:30,3 Hoffman Avenue
910,Treeflex,2024-09-21 11:22:40,71 Prairieview Terrace
911,Zaam-Dox,2024-06-09 10:38:31,6870 Lillian Avenue
912,Flexidy,2024-06-02 04:37:57,2856 Lakeland Drive
913,Zamit,2024-11-11 09:59:33,061 Nevada Circle
914,Gembucket,2024-05-05 02:09:42,775 Brown Trail
915,Solarbreeze,2025-02-15 11:14:16,6 Pawling Avenue
916,Voltsillam,2024-07-04 02:47:10,85547 Jay Way
917,Holdlamis,2024-11-27 22:35:56,43508 Linden Parkway
918,Rank,2024-05-27 19:54:55,7431 Dapin Parkway
919,Bitchip,2024-11-06 21:02:15,3 Swallow Junction
920,Opela,2025-02-08 13:10:33,3 Pennsylvania Crossing
921,Hatity,2025-01-18 05:57:25,9 Bunting Circle
922,Fintone,2024-04-06 09:07:06,20 Carpenter Road
923,Sub-Ex,2025-03-31 13:46:58,3 Petterle Crossing
924,Biodex,2025-01-02 14:34:10,4 Sunnyside Plaza
925,Keylex,2024-11-15 11:47:38,5 Vera Center
926,Tres-Zap,2024-09-13 07:43:33,8 Elgar Pass
927,It,2025-03-20 05:35:49,57 Shopko Center
928,Zaam-Dox,2024-08-27 22:48:24,6185 Jay Road
929,Flexidy,2024-08-17 05:05:37,3687 Granby Avenue
930,Aerified,2024-08-15 11:40:48,39600 Moland Drive
931,Daltfresh,2024-08-03 23:48:32,8 Granby Center
932,Toughjoyfax,2025-02-04 20:50:39,744 Schmedeman Junction
933,Bigtax,2024-08-22 14:28:36,7237 Rigney Lane
934,Voltsillam,2024-04-30 14:28:49,5 Jackson Junction
935,Alpha,2024-04-03 05:13:40,6999 Saint Paul Terrace
936,Andalax,2024-05-19 01:17:19,6 Grayhawk Terrace
937,Mat Lam Tam,2024-10-21 22:40:10,156 Mcguire Point
938,Latlux,2024-12-18 11:36:11,328 Pawling Park
939,Vagram,2024-08-22 17:01:07,0546 Bayside Park
940,Cardify,2024-05-31 23:47:52,251 Northfield Way
941,Otcom,2025-01-17 15:50:00,727 Prairieview Trail
942,Bitwolf,2025-02-12 23:21:48,6 Mcguire Crossing
943,Flexidy,2024-06-20 17:51:47,2503 Hoffman Avenue
944,Quo Lux,2024-09-16 07:35:07,312 Tennessee Place
945,Ventosanzap,2024-10-23 14:45:50,199 Hintze Way
946,Voyatouch,2024-10-27 23:16:53,26 Victoria Lane
947,Ventosanzap,2024-04-21 02:48:48,580 John Wall Point
948,Zaam-Dox,2025-01-11 05:48:13,712 Stoughton Pass
949,Bitchip,2024-10-16 01:38:45,235 Monterey Place
950,Bamity,2024-10-17 03:16:56,9464 Sunnyside Avenue
951,Flexidy,2024-12-20 04:31:50,25842 Browning Crossing
952,Subin,2024-05-13 09:32:05,3 Onsgard Road
953,Trippledex,2024-08-15 06:34:16,9 Arizona Junction
954,Fix San,2024-05-27 21:30:07,2 Ilene Alley
955,Mat Lam Tam,2025-01-13 09:50:02,84 Roth Avenue
956,Domainer,2025-01-23 18:27:17,39 Comanche Street
957,Voyatouch,2024-07-20 23:14:13,8 Golf Plaza
958,Tin,2024-10-12 16:16:42,7 Dayton Street
959,Matsoft,2024-08-25 01:57:16,45 Prairie Rose Parkway
960,Ronstring,2024-08-19 14:43:05,27718 East Center
961,Gembucket,2024-04-20 16:16:30,78015 Jana Place
962,Andalax,2024-04-08 06:07:37,0 Killdeer Place
963,Zontrax,2024-04-22 01:23:11,46742 Del Sol Park
964,Keylex,2025-01-16 20:39:12,4545 Straubel Drive
965,Tampflex,2024-05-07 13:50:06,72 Utah Hill
966,Pannier,2024-11-16 08:38:19,7 Hooker Plaza
967,Stringtough,2025-02-16 21:06:35,804 Burning Wood Street
968,Konklux,2024-11-20 12:34:14,99814 Crescent Oaks Circle
969,Biodex,2024-08-27 17:16:48,9685 Crowley Crossing
970,Bigtax,2025-03-20 17:12:59,28 International Way
971,Otcom,2024-06-10 06:01:55,327 Stang Junction
972,Alpha,2024-05-27 02:54:40,040 Reinke Circle
973,Stringtough,2024-08-22 19:52:51,2826 Nevada Terrace
974,Tres-Zap,2024-05-06 03:41:22,0703 Shopko Place
975,Wrapsafe,2024-04-06 14:02:30,05401 Kropf Plaza
976,Keylex,2025-02-24 00:44:22,49701 Bartillon Trail
977,Temp,2024-08-25 14:49:39,1114 Moland Point
978,It,2024-06-19 03:33:46,62930 Cardinal Street
979,Asoka,2024-12-02 05:27:37,72 Trailsway Crossing
980,Flexidy,2024-11-22 11:10:22,191 Elka Park
981,Kanlam,2024-12-18 17:18:38,2 Cherokee Center
982,Span,2024-12-30 09:29:00,569 Cascade Way
983,Aerified,2024-09-08 03:44:16,60387 Johnson Drive
984,Bitchip,2024-08-03 00:32:38,93 Dovetail Center
985,Y-Solowarm,2025-03-13 14:21:46,2 Dixon Road
986,Home Ing,2025-03-08 23:10:04,21 Oneill Plaza
987,Ronstring,2025-03-14 11:36:34,98028 Dixon Point
988,Pannier,2024-10-26 23:58:37,4413 Aberg Plaza
989,Sonair,2024-07-30 04:21:01,0 Tony Plaza
990,Fintone,2025-01-13 18:11:29,1804 Becker Street
991,Daltfresh,2024-10-17 00:48:18,894 Welch Place
992,Zamit,2024-08-03 16:51:42,26438 Riverside Street
993,Solarbreeze,2024-05-09 04:15:38,1 Fuller Trail
994,Fintone,2025-01-26 06:24:31,160 Trailsway Parkway
995,Temp,2024-04-22 05:31:27,07 Waywood Circle
996,Regrant,2024-11-07 10:05:39,3599 Carioca Hill
997,Bitchip,2024-12-29 15:03:30,8 Manufacturers Pass
998,Stringtough,2024-06-21 17:38:27,28 Dayton Junction
999,Cardify,2024-11-16 09:38:37,06695 Montana Street
1000,Quo Lux,2025-02-18 03:58:33,020 Stoughton Terrace
